step,game_name,model_mode,observations,actions,selection_info,joint_actions,payoffs,rewards,infos,terminations,truncations
0,Pure Coordination,random_action,"{""Agent A"": ""REWARD THIS TURN: +0.0\n\nSTEP: 0/50 (steps remaining: 50)\n\nAVAILABLE ACTIONS:\n  [0] Choose action: Left.\n  [1] Choose action: Right."", ""Agent B"": ""REWARD THIS TURN: +0.0\n\nSTEP: 0/50 (steps remaining: 50)\n\nAVAILABLE ACTIONS:\n  [0] Choose action: Left.\n  [1] Choose action: Right.""}","{""Agent A"": ""Choose action: Right."", ""Agent B"": ""Choose action: Right.""}","{""Agent A"": {""policy"": ""random""}, ""Agent B"": {""policy"": ""random""}}","{""Agent A"": ""Right"", ""Agent B"": ""Right""}","{""Agent A"": 1.0, ""Agent B"": 1.0}","{""Agent A"": 1.0, ""Agent B"": 1.0}","{""Agent A"": {""action_success"": true, ""action_info"": {""step_count"": 1, ""votes_received"": 2, ""votes_needed"": 2, ""current_votes"": {""Agent A"": ""Right"", ""Agent B"": ""Right""}, ""vote_status"": ""resolved"", ""joint_actions"": {""Agent A"": ""Right"", ""Agent B"": ""Right""}, ""payoffs"": {""Agent A"": 1.0, ""Agent B"": 1.0}}}, ""Agent B"": {""action_success"": true, ""action_info"": {""step_count"": 1, ""votes_received"": 2, ""votes_needed"": 2, ""current_votes"": {""Agent A"": ""Right"", ""Agent B"": ""Right""}, ""vote_status"": ""resolved"", ""joint_actions"": {""Agent A"": ""Right"", ""Agent B"": ""Right""}, ""payoffs"": {""Agent A"": 1.0, ""Agent B"": 1.0}}}}","[false, false]","[false, false]"
1,Pure Coordination,random_action,"{""Agent A"": ""REWARD THIS TURN: +1.0\n\nLAST ROUND RESULT:\n  actions: Agent A: Right, Agent B: Right\n  your payoff: +1.0 | Agent B payoff: +1.0\n\nSTEP: 1/50 (steps remaining: 49)\n\nAVAILABLE ACTIONS:\n  [0] Choose action: Left.\n  [1] Choose action: Right."", ""Agent B"": ""REWARD THIS TURN: +1.0\n\nLAST ROUND RESULT:\n  actions: Agent A: Right, Agent B: Right\n  your payoff: +1.0 | Agent A payoff: +1.0\n\nSTEP: 1/50 (steps remaining: 49)\n\nAVAILABLE ACTIONS:\n  [0] Choose action: Left.\n  [1] Choose action: Right.""}","{""Agent A"": ""Choose action: Left."", ""Agent B"": ""Choose action: Left.""}","{""Agent A"": {""policy"": ""random""}, ""Agent B"": {""policy"": ""random""}}","{""Agent A"": ""Left"", ""Agent B"": ""Left""}","{""Agent A"": 1.0, ""Agent B"": 1.0}","{""Agent A"": 1.0, ""Agent B"": 1.0}","{""Agent A"": {""action_success"": true, ""action_info"": {""step_count"": 2, ""votes_received"": 2, ""votes_needed"": 2, ""current_votes"": {""Agent A"": ""Left"", ""Agent B"": ""Left""}, ""vote_status"": ""resolved"", ""joint_actions"": {""Agent A"": ""Left"", ""Agent B"": ""Left""}, ""payoffs"": {""Agent A"": 1.0, ""Agent B"": 1.0}}}, ""Agent B"": {""action_success"": true, ""action_info"": {""step_count"": 2, ""votes_received"": 2, ""votes_needed"": 2, ""current_votes"": {""Agent A"": ""Left"", ""Agent B"": ""Left""}, ""vote_status"": ""resolved"", ""joint_actions"": {""Agent A"": ""Left"", ""Agent B"": ""Left""}, ""payoffs"": {""Agent A"": 1.0, ""Agent B"": 1.0}}}}","[false, false]","[false, false]"
2,Pure Coordination,random_action,"{""Agent A"": ""REWARD THIS TURN: +1.0\n\nLAST ROUND RESULT:\n  actions: Agent A: Left, Agent B: Left\n  your payoff: +1.0 | Agent B payoff: +1.0\n\nSTEP: 2/50 (steps remaining: 48)\n\nAVAILABLE ACTIONS:\n  [0] Choose action: Left.\n  [1] Choose action: Right."", ""Agent B"": ""REWARD THIS TURN: +1.0\n\nLAST ROUND RESULT:\n  actions: Agent A: Left, Agent B: Left\n  your payoff: +1.0 | Agent A payoff: +1.0\n\nSTEP: 2/50 (steps remaining: 48)\n\nAVAILABLE ACTIONS:\n  [0] Choose action: Left.\n  [1] Choose action: Right.""}","{""Agent A"": ""Choose action: Left."", ""Agent B"": ""Choose action: Left.""}","{""Agent A"": {""policy"": ""random""}, ""Agent B"": {""policy"": ""random""}}","{""Agent A"": ""Left"", ""Agent B"": ""Left""}","{""Agent A"": 1.0, ""Agent B"": 1.0}","{""Agent A"": 1.0, ""Agent B"": 1.0}","{""Agent A"": {""action_success"": true, ""action_info"": {""step_count"": 3, ""votes_received"": 2, ""votes_needed"": 2, ""current_votes"": {""Agent A"": ""Left"", ""Agent B"": ""Left""}, ""vote_status"": ""resolved"", ""joint_actions"": {""Agent A"": ""Left"", ""Agent B"": ""Left""}, ""payoffs"": {""Agent A"": 1.0, ""Agent B"": 1.0}}}, ""Agent B"": {""action_success"": true, ""action_info"": {""step_count"": 3, ""votes_received"": 2, ""votes_needed"": 2, ""current_votes"": {""Agent A"": ""Left"", ""Agent B"": ""Left""}, ""vote_status"": ""resolved"", ""joint_actions"": {""Agent A"": ""Left"", ""Agent B"": ""Left""}, ""payoffs"": {""Agent A"": 1.0, ""Agent B"": 1.0}}}}","[false, false]","[false, false]"
3,Pure Coordination,random_action,"{""Agent A"": ""REWARD THIS TURN: +1.0\n\nLAST ROUND RESULT:\n  actions: Agent A: Left, Agent B: Left\n  your payoff: +1.0 | Agent B payoff: +1.0\n\nSTEP: 3/50 (steps remaining: 47)\n\nAVAILABLE ACTIONS:\n  [0] Choose action: Left.\n  [1] Choose action: Right."", ""Agent B"": ""REWARD THIS TURN: +1.0\n\nLAST ROUND RESULT:\n  actions: Agent A: Left, Agent B: Left\n  your payoff: +1.0 | Agent A payoff: +1.0\n\nSTEP: 3/50 (steps remaining: 47)\n\nAVAILABLE ACTIONS:\n  [0] Choose action: Left.\n  [1] Choose action: Right.""}","{""Agent A"": ""Choose action: Left."", ""Agent B"": ""Choose action: Right.""}","{""Agent A"": {""policy"": ""random""}, ""Agent B"": {""policy"": ""random""}}","{""Agent A"": ""Left"", ""Agent B"": ""Right""}","{""Agent A"": 0.0, ""Agent B"": 0.0}","{""Agent A"": 0.0, ""Agent B"": 0.0}","{""Agent A"": {""action_success"": true, ""action_info"": {""step_count"": 4, ""votes_received"": 2, ""votes_needed"": 2, ""current_votes"": {""Agent A"": ""Left"", ""Agent B"": ""Right""}, ""vote_status"": ""resolved"", ""joint_actions"": {""Agent A"": ""Left"", ""Agent B"": ""Right""}, ""payoffs"": {""Agent A"": 0.0, ""Agent B"": 0.0}}}, ""Agent B"": {""action_success"": true, ""action_info"": {""step_count"": 4, ""votes_received"": 2, ""votes_needed"": 2, ""current_votes"": {""Agent A"": ""Left"", ""Agent B"": ""Right""}, ""vote_status"": ""resolved"", ""joint_actions"": {""Agent A"": ""Left"", ""Agent B"": ""Right""}, ""payoffs"": {""Agent A"": 0.0, ""Agent B"": 0.0}}}}","[false, false]","[false, false]"
4,Pure Coordination,random_action,"{""Agent A"": ""REWARD THIS TURN: +0.0\n\nLAST ROUND RESULT:\n  actions: Agent A: Left, Agent B: Right\n  your payoff: +0.0 | Agent B payoff: +0.0\n\nSTEP: 4/50 (steps remaining: 46)\n\nAVAILABLE ACTIONS:\n  [0] Choose action: Left.\n  [1] Choose action: Right."", ""Agent B"": ""REWARD THIS TURN: +0.0\n\nLAST ROUND RESULT:\n  actions: Agent A: Left, Agent B: Right\n  your payoff: +0.0 | Agent A payoff: +0.0\n\nSTEP: 4/50 (steps remaining: 46)\n\nAVAILABLE ACTIONS:\n  [0] Choose action: Left.\n  [1] Choose action: Right.""}","{""Agent A"": ""Choose action: Left."", ""Agent B"": ""Choose action: Left.""}","{""Agent A"": {""policy"": ""random""}, ""Agent B"": {""policy"": ""random""}}","{""Agent A"": ""Left"", ""Agent B"": ""Left""}","{""Agent A"": 1.0, ""Agent B"": 1.0}","{""Agent A"": 1.0, ""Agent B"": 1.0}","{""Agent A"": {""action_success"": true, ""action_info"": {""step_count"": 5, ""votes_received"": 2, ""votes_needed"": 2, ""current_votes"": {""Agent A"": ""Left"", ""Agent B"": ""Left""}, ""vote_status"": ""resolved"", ""joint_actions"": {""Agent A"": ""Left"", ""Agent B"": ""Left""}, ""payoffs"": {""Agent A"": 1.0, ""Agent B"": 1.0}}}, ""Agent B"": {""action_success"": true, ""action_info"": {""step_count"": 5, ""votes_received"": 2, ""votes_needed"": 2, ""current_votes"": {""Agent A"": ""Left"", ""Agent B"": ""Left""}, ""vote_status"": ""resolved"", ""joint_actions"": {""Agent A"": ""Left"", ""Agent B"": ""Left""}, ""payoffs"": {""Agent A"": 1.0, ""Agent B"": 1.0}}}}","[false, false]","[false, false]"
5,Pure Coordination,random_action,"{""Agent A"": ""REWARD THIS TURN: +1.0\n\nLAST ROUND RESULT:\n  actions: Agent A: Left, Agent B: Left\n  your payoff: +1.0 | Agent B payoff: +1.0\n\nSTEP: 5/50 (steps remaining: 45)\n\nAVAILABLE ACTIONS:\n  [0] Choose action: Left.\n  [1] Choose action: Right."", ""Agent B"": ""REWARD THIS TURN: +1.0\n\nLAST ROUND RESULT:\n  actions: Agent A: Left, Agent B: Left\n  your payoff: +1.0 | Agent A payoff: +1.0\n\nSTEP: 5/50 (steps remaining: 45)\n\nAVAILABLE ACTIONS:\n  [0] Choose action: Left.\n  [1] Choose action: Right.""}","{""Agent A"": ""Choose action: Right."", ""Agent B"": ""Choose action: Left.""}","{""Agent A"": {""policy"": ""random""}, ""Agent B"": {""policy"": ""random""}}","{""Agent A"": ""Right"", ""Agent B"": ""Left""}","{""Agent A"": 0.0, ""Agent B"": 0.0}","{""Agent A"": 0.0, ""Agent B"": 0.0}","{""Agent A"": {""action_success"": true, ""action_info"": {""step_count"": 6, ""votes_received"": 2, ""votes_needed"": 2, ""current_votes"": {""Agent A"": ""Right"", ""Agent B"": ""Left""}, ""vote_status"": ""resolved"", ""joint_actions"": {""Agent A"": ""Right"", ""Agent B"": ""Left""}, ""payoffs"": {""Agent A"": 0.0, ""Agent B"": 0.0}}}, ""Agent B"": {""action_success"": true, ""action_info"": {""step_count"": 6, ""votes_received"": 2, ""votes_needed"": 2, ""current_votes"": {""Agent A"": ""Right"", ""Agent B"": ""Left""}, ""vote_status"": ""resolved"", ""joint_actions"": {""Agent A"": ""Right"", ""Agent B"": ""Left""}, ""payoffs"": {""Agent A"": 0.0, ""Agent B"": 0.0}}}}","[false, false]","[false, false]"
6,Pure Coordination,random_action,"{""Agent A"": ""REWARD THIS TURN: +0.0\n\nLAST ROUND RESULT:\n  actions: Agent A: Right, Agent B: Left\n  your payoff: +0.0 | Agent B payoff: +0.0\n\nSTEP: 6/50 (steps remaining: 44)\n\nAVAILABLE ACTIONS:\n  [0] Choose action: Left.\n  [1] Choose action: Right."", ""Agent B"": ""REWARD THIS TURN: +0.0\n\nLAST ROUND RESULT:\n  actions: Agent A: Right, Agent B: Left\n  your payoff: +0.0 | Agent A payoff: +0.0\n\nSTEP: 6/50 (steps remaining: 44)\n\nAVAILABLE ACTIONS:\n  [0] Choose action: Left.\n  [1] Choose action: Right.""}","{""Agent A"": ""Choose action: Left."", ""Agent B"": ""Choose action: Right.""}","{""Agent A"": {""policy"": ""random""}, ""Agent B"": {""policy"": ""random""}}","{""Agent A"": ""Left"", ""Agent B"": ""Right""}","{""Agent A"": 0.0, ""Agent B"": 0.0}","{""Agent A"": 0.0, ""Agent B"": 0.0}","{""Agent A"": {""action_success"": true, ""action_info"": {""step_count"": 7, ""votes_received"": 2, ""votes_needed"": 2, ""current_votes"": {""Agent A"": ""Left"", ""Agent B"": ""Right""}, ""vote_status"": ""resolved"", ""joint_actions"": {""Agent A"": ""Left"", ""Agent B"": ""Right""}, ""payoffs"": {""Agent A"": 0.0, ""Agent B"": 0.0}}}, ""Agent B"": {""action_success"": true, ""action_info"": {""step_count"": 7, ""votes_received"": 2, ""votes_needed"": 2, ""current_votes"": {""Agent A"": ""Left"", ""Agent B"": ""Right""}, ""vote_status"": ""resolved"", ""joint_actions"": {""Agent A"": ""Left"", ""Agent B"": ""Right""}, ""payoffs"": {""Agent A"": 0.0, ""Agent B"": 0.0}}}}","[false, false]","[false, false]"
7,Pure Coordination,random_action,"{""Agent A"": ""REWARD THIS TURN: +0.0\n\nLAST ROUND RESULT:\n  actions: Agent A: Left, Agent B: Right\n  your payoff: +0.0 | Agent B payoff: +0.0\n\nSTEP: 7/50 (steps remaining: 43)\n\nAVAILABLE ACTIONS:\n  [0] Choose action: Left.\n  [1] Choose action: Right."", ""Agent B"": ""REWARD THIS TURN: +0.0\n\nLAST ROUND RESULT:\n  actions: Agent A: Left, Agent B: Right\n  your payoff: +0.0 | Agent A payoff: +0.0\n\nSTEP: 7/50 (steps remaining: 43)\n\nAVAILABLE ACTIONS:\n  [0] Choose action: Left.\n  [1] Choose action: Right.""}","{""Agent A"": ""Choose action: Left."", ""Agent B"": ""Choose action: Right.""}","{""Agent A"": {""policy"": ""random""}, ""Agent B"": {""policy"": ""random""}}","{""Agent A"": ""Left"", ""Agent B"": ""Right""}","{""Agent A"": 0.0, ""Agent B"": 0.0}","{""Agent A"": 0.0, ""Agent B"": 0.0}","{""Agent A"": {""action_success"": true, ""action_info"": {""step_count"": 8, ""votes_received"": 2, ""votes_needed"": 2, ""current_votes"": {""Agent A"": ""Left"", ""Agent B"": ""Right""}, ""vote_status"": ""resolved"", ""joint_actions"": {""Agent A"": ""Left"", ""Agent B"": ""Right""}, ""payoffs"": {""Agent A"": 0.0, ""Agent B"": 0.0}}}, ""Agent B"": {""action_success"": true, ""action_info"": {""step_count"": 8, ""votes_received"": 2, ""votes_needed"": 2, ""current_votes"": {""Agent A"": ""Left"", ""Agent B"": ""Right""}, ""vote_status"": ""resolved"", ""joint_actions"": {""Agent A"": ""Left"", ""Agent B"": ""Right""}, ""payoffs"": {""Agent A"": 0.0, ""Agent B"": 0.0}}}}","[false, false]","[false, false]"
8,Pure Coordination,random_action,"{""Agent A"": ""REWARD THIS TURN: +0.0\n\nLAST ROUND RESULT:\n  actions: Agent A: Left, Agent B: Right\n  your payoff: +0.0 | Agent B payoff: +0.0\n\nSTEP: 8/50 (steps remaining: 42)\n\nAVAILABLE ACTIONS:\n  [0] Choose action: Left.\n  [1] Choose action: Right."", ""Agent B"": ""REWARD THIS TURN: +0.0\n\nLAST ROUND RESULT:\n  actions: Agent A: Left, Agent B: Right\n  your payoff: +0.0 | Agent A payoff: +0.0\n\nSTEP: 8/50 (steps remaining: 42)\n\nAVAILABLE ACTIONS:\n  [0] Choose action: Left.\n  [1] Choose action: Right.""}","{""Agent A"": ""Choose action: Right."", ""Agent B"": ""Choose action: Left.""}","{""Agent A"": {""policy"": ""random""}, ""Agent B"": {""policy"": ""random""}}","{""Agent A"": ""Right"", ""Agent B"": ""Left""}","{""Agent A"": 0.0, ""Agent B"": 0.0}","{""Agent A"": 0.0, ""Agent B"": 0.0}","{""Agent A"": {""action_success"": true, ""action_info"": {""step_count"": 9, ""votes_received"": 2, ""votes_needed"": 2, ""current_votes"": {""Agent A"": ""Right"", ""Agent B"": ""Left""}, ""vote_status"": ""resolved"", ""joint_actions"": {""Agent A"": ""Right"", ""Agent B"": ""Left""}, ""payoffs"": {""Agent A"": 0.0, ""Agent B"": 0.0}}}, ""Agent B"": {""action_success"": true, ""action_info"": {""step_count"": 9, ""votes_received"": 2, ""votes_needed"": 2, ""current_votes"": {""Agent A"": ""Right"", ""Agent B"": ""Left""}, ""vote_status"": ""resolved"", ""joint_actions"": {""Agent A"": ""Right"", ""Agent B"": ""Left""}, ""payoffs"": {""Agent A"": 0.0, ""Agent B"": 0.0}}}}","[false, false]","[false, false]"
9,Pure Coordination,random_action,"{""Agent A"": ""REWARD THIS TURN: +0.0\n\nLAST ROUND RESULT:\n  actions: Agent A: Right, Agent B: Left\n  your payoff: +0.0 | Agent B payoff: +0.0\n\nSTEP: 9/50 (steps remaining: 41)\n\nAVAILABLE ACTIONS:\n  [0] Choose action: Left.\n  [1] Choose action: Right."", ""Agent B"": ""REWARD THIS TURN: +0.0\n\nLAST ROUND RESULT:\n  actions: Agent A: Right, Agent B: Left\n  your payoff: +0.0 | Agent A payoff: +0.0\n\nSTEP: 9/50 (steps remaining: 41)\n\nAVAILABLE ACTIONS:\n  [0] Choose action: Left.\n  [1] Choose action: Right.""}","{""Agent A"": ""Choose action: Right."", ""Agent B"": ""Choose action: Right.""}","{""Agent A"": {""policy"": ""random""}, ""Agent B"": {""policy"": ""random""}}","{""Agent A"": ""Right"", ""Agent B"": ""Right""}","{""Agent A"": 1.0, ""Agent B"": 1.0}","{""Agent A"": 1.0, ""Agent B"": 1.0}","{""Agent A"": {""action_success"": true, ""action_info"": {""step_count"": 10, ""votes_received"": 2, ""votes_needed"": 2, ""current_votes"": {""Agent A"": ""Right"", ""Agent B"": ""Right""}, ""vote_status"": ""resolved"", ""joint_actions"": {""Agent A"": ""Right"", ""Agent B"": ""Right""}, ""payoffs"": {""Agent A"": 1.0, ""Agent B"": 1.0}}}, ""Agent B"": {""action_success"": true, ""action_info"": {""step_count"": 10, ""votes_received"": 2, ""votes_needed"": 2, ""current_votes"": {""Agent A"": ""Right"", ""Agent B"": ""Right""}, ""vote_status"": ""resolved"", ""joint_actions"": {""Agent A"": ""Right"", ""Agent B"": ""Right""}, ""payoffs"": {""Agent A"": 1.0, ""Agent B"": 1.0}}}}","[false, false]","[false, false]"
10,Pure Coordination,random_action,"{""Agent A"": ""REWARD THIS TURN: +1.0\n\nLAST ROUND RESULT:\n  actions: Agent A: Right, Agent B: Right\n  your payoff: +1.0 | Agent B payoff: +1.0\n\nSTEP: 10/50 (steps remaining: 40)\n\nAVAILABLE ACTIONS:\n  [0] Choose action: Left.\n  [1] Choose action: Right."", ""Agent B"": ""REWARD THIS TURN: +1.0\n\nLAST ROUND RESULT:\n  actions: Agent A: Right, Agent B: Right\n  your payoff: +1.0 | Agent A payoff: +1.0\n\nSTEP: 10/50 (steps remaining: 40)\n\nAVAILABLE ACTIONS:\n  [0] Choose action: Left.\n  [1] Choose action: Right.""}","{""Agent A"": ""Choose action: Left."", ""Agent B"": ""Choose action: Right.""}","{""Agent A"": {""policy"": ""random""}, ""Agent B"": {""policy"": ""random""}}","{""Agent A"": ""Left"", ""Agent B"": ""Right""}","{""Agent A"": 0.0, ""Agent B"": 0.0}","{""Agent A"": 0.0, ""Agent B"": 0.0}","{""Agent A"": {""action_success"": true, ""action_info"": {""step_count"": 11, ""votes_received"": 2, ""votes_needed"": 2, ""current_votes"": {""Agent A"": ""Left"", ""Agent B"": ""Right""}, ""vote_status"": ""resolved"", ""joint_actions"": {""Agent A"": ""Left"", ""Agent B"": ""Right""}, ""payoffs"": {""Agent A"": 0.0, ""Agent B"": 0.0}}}, ""Agent B"": {""action_success"": true, ""action_info"": {""step_count"": 11, ""votes_received"": 2, ""votes_needed"": 2, ""current_votes"": {""Agent A"": ""Left"", ""Agent B"": ""Right""}, ""vote_status"": ""resolved"", ""joint_actions"": {""Agent A"": ""Left"", ""Agent B"": ""Right""}, ""payoffs"": {""Agent A"": 0.0, ""Agent B"": 0.0}}}}","[false, false]","[false, false]"
11,Pure Coordination,random_action,"{""Agent A"": ""REWARD THIS TURN: +0.0\n\nLAST ROUND RESULT:\n  actions: Agent A: Left, Agent B: Right\n  your payoff: +0.0 | Agent B payoff: +0.0\n\nSTEP: 11/50 (steps remaining: 39)\n\nAVAILABLE ACTIONS:\n  [0] Choose action: Left.\n  [1] Choose action: Right."", ""Agent B"": ""REWARD THIS TURN: +0.0\n\nLAST ROUND RESULT:\n  actions: Agent A: Left, Agent B: Right\n  your payoff: +0.0 | Agent A payoff: +0.0\n\nSTEP: 11/50 (steps remaining: 39)\n\nAVAILABLE ACTIONS:\n  [0] Choose action: Left.\n  [1] Choose action: Right.""}","{""Agent A"": ""Choose action: Right."", ""Agent B"": ""Choose action: Right.""}","{""Agent A"": {""policy"": ""random""}, ""Agent B"": {""policy"": ""random""}}","{""Agent A"": ""Right"", ""Agent B"": ""Right""}","{""Agent A"": 1.0, ""Agent B"": 1.0}","{""Agent A"": 1.0, ""Agent B"": 1.0}","{""Agent A"": {""action_success"": true, ""action_info"": {""step_count"": 12, ""votes_received"": 2, ""votes_needed"": 2, ""current_votes"": {""Agent A"": ""Right"", ""Agent B"": ""Right""}, ""vote_status"": ""resolved"", ""joint_actions"": {""Agent A"": ""Right"", ""Agent B"": ""Right""}, ""payoffs"": {""Agent A"": 1.0, ""Agent B"": 1.0}}}, ""Agent B"": {""action_success"": true, ""action_info"": {""step_count"": 12, ""votes_received"": 2, ""votes_needed"": 2, ""current_votes"": {""Agent A"": ""Right"", ""Agent B"": ""Right""}, ""vote_status"": ""resolved"", ""joint_actions"": {""Agent A"": ""Right"", ""Agent B"": ""Right""}, ""payoffs"": {""Agent A"": 1.0, ""Agent B"": 1.0}}}}","[false, false]","[false, false]"
12,Pure Coordination,random_action,"{""Agent A"": ""REWARD THIS TURN: +1.0\n\nLAST ROUND RESULT:\n  actions: Agent A: Right, Agent B: Right\n  your payoff: +1.0 | Agent B payoff: +1.0\n\nSTEP: 12/50 (steps remaining: 38)\n\nAVAILABLE ACTIONS:\n  [0] Choose action: Left.\n  [1] Choose action: Right."", ""Agent B"": ""REWARD THIS TURN: +1.0\n\nLAST ROUND RESULT:\n  actions: Agent A: Right, Agent B: Right\n  your payoff: +1.0 | Agent A payoff: +1.0\n\nSTEP: 12/50 (steps remaining: 38)\n\nAVAILABLE ACTIONS:\n  [0] Choose action: Left.\n  [1] Choose action: Right.""}","{""Agent A"": ""Choose action: Right."", ""Agent B"": ""Choose action: Left.""}","{""Agent A"": {""policy"": ""random""}, ""Agent B"": {""policy"": ""random""}}","{""Agent A"": ""Right"", ""Agent B"": ""Left""}","{""Agent A"": 0.0, ""Agent B"": 0.0}","{""Agent A"": 0.0, ""Agent B"": 0.0}","{""Agent A"": {""action_success"": true, ""action_info"": {""step_count"": 13, ""votes_received"": 2, ""votes_needed"": 2, ""current_votes"": {""Agent A"": ""Right"", ""Agent B"": ""Left""}, ""vote_status"": ""resolved"", ""joint_actions"": {""Agent A"": ""Right"", ""Agent B"": ""Left""}, ""payoffs"": {""Agent A"": 0.0, ""Agent B"": 0.0}}}, ""Agent B"": {""action_success"": true, ""action_info"": {""step_count"": 13, ""votes_received"": 2, ""votes_needed"": 2, ""current_votes"": {""Agent A"": ""Right"", ""Agent B"": ""Left""}, ""vote_status"": ""resolved"", ""joint_actions"": {""Agent A"": ""Right"", ""Agent B"": ""Left""}, ""payoffs"": {""Agent A"": 0.0, ""Agent B"": 0.0}}}}","[false, false]","[false, false]"
13,Pure Coordination,random_action,"{""Agent A"": ""REWARD THIS TURN: +0.0\n\nLAST ROUND RESULT:\n  actions: Agent A: Right, Agent B: Left\n  your payoff: +0.0 | Agent B payoff: +0.0\n\nSTEP: 13/50 (steps remaining: 37)\n\nAVAILABLE ACTIONS:\n  [0] Choose action: Left.\n  [1] Choose action: Right."", ""Agent B"": ""REWARD THIS TURN: +0.0\n\nLAST ROUND RESULT:\n  actions: Agent A: Right, Agent B: Left\n  your payoff: +0.0 | Agent A payoff: +0.0\n\nSTEP: 13/50 (steps remaining: 37)\n\nAVAILABLE ACTIONS:\n  [0] Choose action: Left.\n  [1] Choose action: Right.""}","{""Agent A"": ""Choose action: Right."", ""Agent B"": ""Choose action: Left.""}","{""Agent A"": {""policy"": ""random""}, ""Agent B"": {""policy"": ""random""}}","{""Agent A"": ""Right"", ""Agent B"": ""Left""}","{""Agent A"": 0.0, ""Agent B"": 0.0}","{""Agent A"": 0.0, ""Agent B"": 0.0}","{""Agent A"": {""action_success"": true, ""action_info"": {""step_count"": 14, ""votes_received"": 2, ""votes_needed"": 2, ""current_votes"": {""Agent A"": ""Right"", ""Agent B"": ""Left""}, ""vote_status"": ""resolved"", ""joint_actions"": {""Agent A"": ""Right"", ""Agent B"": ""Left""}, ""payoffs"": {""Agent A"": 0.0, ""Agent B"": 0.0}}}, ""Agent B"": {""action_success"": true, ""action_info"": {""step_count"": 14, ""votes_received"": 2, ""votes_needed"": 2, ""current_votes"": {""Agent A"": ""Right"", ""Agent B"": ""Left""}, ""vote_status"": ""resolved"", ""joint_actions"": {""Agent A"": ""Right"", ""Agent B"": ""Left""}, ""payoffs"": {""Agent A"": 0.0, ""Agent B"": 0.0}}}}","[false, false]","[false, false]"
14,Pure Coordination,random_action,"{""Agent A"": ""REWARD THIS TURN: +0.0\n\nLAST ROUND RESULT:\n  actions: Agent A: Right, Agent B: Left\n  your payoff: +0.0 | Agent B payoff: +0.0\n\nSTEP: 14/50 (steps remaining: 36)\n\nAVAILABLE ACTIONS:\n  [0] Choose action: Left.\n  [1] Choose action: Right."", ""Agent B"": ""REWARD THIS TURN: +0.0\n\nLAST ROUND RESULT:\n  actions: Agent A: Right, Agent B: Left\n  your payoff: +0.0 | Agent A payoff: +0.0\n\nSTEP: 14/50 (steps remaining: 36)\n\nAVAILABLE ACTIONS:\n  [0] Choose action: Left.\n  [1] Choose action: Right.""}","{""Agent A"": ""Choose action: Right."", ""Agent B"": ""Choose action: Right.""}","{""Agent A"": {""policy"": ""random""}, ""Agent B"": {""policy"": ""random""}}","{""Agent A"": ""Right"", ""Agent B"": ""Right""}","{""Agent A"": 1.0, ""Agent B"": 1.0}","{""Agent A"": 1.0, ""Agent B"": 1.0}","{""Agent A"": {""action_success"": true, ""action_info"": {""step_count"": 15, ""votes_received"": 2, ""votes_needed"": 2, ""current_votes"": {""Agent A"": ""Right"", ""Agent B"": ""Right""}, ""vote_status"": ""resolved"", ""joint_actions"": {""Agent A"": ""Right"", ""Agent B"": ""Right""}, ""payoffs"": {""Agent A"": 1.0, ""Agent B"": 1.0}}}, ""Agent B"": {""action_success"": true, ""action_info"": {""step_count"": 15, ""votes_received"": 2, ""votes_needed"": 2, ""current_votes"": {""Agent A"": ""Right"", ""Agent B"": ""Right""}, ""vote_status"": ""resolved"", ""joint_actions"": {""Agent A"": ""Right"", ""Agent B"": ""Right""}, ""payoffs"": {""Agent A"": 1.0, ""Agent B"": 1.0}}}}","[false, false]","[false, false]"
15,Pure Coordination,random_action,"{""Agent A"": ""REWARD THIS TURN: +1.0\n\nLAST ROUND RESULT:\n  actions: Agent A: Right, Agent B: Right\n  your payoff: +1.0 | Agent B payoff: +1.0\n\nSTEP: 15/50 (steps remaining: 35)\n\nAVAILABLE ACTIONS:\n  [0] Choose action: Left.\n  [1] Choose action: Right."", ""Agent B"": ""REWARD THIS TURN: +1.0\n\nLAST ROUND RESULT:\n  actions: Agent A: Right, Agent B: Right\n  your payoff: +1.0 | Agent A payoff: +1.0\n\nSTEP: 15/50 (steps remaining: 35)\n\nAVAILABLE ACTIONS:\n  [0] Choose action: Left.\n  [1] Choose action: Right.""}","{""Agent A"": ""Choose action: Right."", ""Agent B"": ""Choose action: Right.""}","{""Agent A"": {""policy"": ""random""}, ""Agent B"": {""policy"": ""random""}}","{""Agent A"": ""Right"", ""Agent B"": ""Right""}","{""Agent A"": 1.0, ""Agent B"": 1.0}","{""Agent A"": 1.0, ""Agent B"": 1.0}","{""Agent A"": {""action_success"": true, ""action_info"": {""step_count"": 16, ""votes_received"": 2, ""votes_needed"": 2, ""current_votes"": {""Agent A"": ""Right"", ""Agent B"": ""Right""}, ""vote_status"": ""resolved"", ""joint_actions"": {""Agent A"": ""Right"", ""Agent B"": ""Right""}, ""payoffs"": {""Agent A"": 1.0, ""Agent B"": 1.0}}}, ""Agent B"": {""action_success"": true, ""action_info"": {""step_count"": 16, ""votes_received"": 2, ""votes_needed"": 2, ""current_votes"": {""Agent A"": ""Right"", ""Agent B"": ""Right""}, ""vote_status"": ""resolved"", ""joint_actions"": {""Agent A"": ""Right"", ""Agent B"": ""Right""}, ""payoffs"": {""Agent A"": 1.0, ""Agent B"": 1.0}}}}","[false, false]","[false, false]"
16,Pure Coordination,random_action,"{""Agent A"": ""REWARD THIS TURN: +1.0\n\nLAST ROUND RESULT:\n  actions: Agent A: Right, Agent B: Right\n  your payoff: +1.0 | Agent B payoff: +1.0\n\nSTEP: 16/50 (steps remaining: 34)\n\nAVAILABLE ACTIONS:\n  [0] Choose action: Left.\n  [1] Choose action: Right."", ""Agent B"": ""REWARD THIS TURN: +1.0\n\nLAST ROUND RESULT:\n  actions: Agent A: Right, Agent B: Right\n  your payoff: +1.0 | Agent A payoff: +1.0\n\nSTEP: 16/50 (steps remaining: 34)\n\nAVAILABLE ACTIONS:\n  [0] Choose action: Left.\n  [1] Choose action: Right.""}","{""Agent A"": ""Choose action: Left."", ""Agent B"": ""Choose action: Right.""}","{""Agent A"": {""policy"": ""random""}, ""Agent B"": {""policy"": ""random""}}","{""Agent A"": ""Left"", ""Agent B"": ""Right""}","{""Agent A"": 0.0, ""Agent B"": 0.0}","{""Agent A"": 0.0, ""Agent B"": 0.0}","{""Agent A"": {""action_success"": true, ""action_info"": {""step_count"": 17, ""votes_received"": 2, ""votes_needed"": 2, ""current_votes"": {""Agent A"": ""Left"", ""Agent B"": ""Right""}, ""vote_status"": ""resolved"", ""joint_actions"": {""Agent A"": ""Left"", ""Agent B"": ""Right""}, ""payoffs"": {""Agent A"": 0.0, ""Agent B"": 0.0}}}, ""Agent B"": {""action_success"": true, ""action_info"": {""step_count"": 17, ""votes_received"": 2, ""votes_needed"": 2, ""current_votes"": {""Agent A"": ""Left"", ""Agent B"": ""Right""}, ""vote_status"": ""resolved"", ""joint_actions"": {""Agent A"": ""Left"", ""Agent B"": ""Right""}, ""payoffs"": {""Agent A"": 0.0, ""Agent B"": 0.0}}}}","[false, false]","[false, false]"
17,Pure Coordination,random_action,"{""Agent A"": ""REWARD THIS TURN: +0.0\n\nLAST ROUND RESULT:\n  actions: Agent A: Left, Agent B: Right\n  your payoff: +0.0 | Agent B payoff: +0.0\n\nSTEP: 17/50 (steps remaining: 33)\n\nAVAILABLE ACTIONS:\n  [0] Choose action: Left.\n  [1] Choose action: Right."", ""Agent B"": ""REWARD THIS TURN: +0.0\n\nLAST ROUND RESULT:\n  actions: Agent A: Left, Agent B: Right\n  your payoff: +0.0 | Agent A payoff: +0.0\n\nSTEP: 17/50 (steps remaining: 33)\n\nAVAILABLE ACTIONS:\n  [0] Choose action: Left.\n  [1] Choose action: Right.""}","{""Agent A"": ""Choose action: Right."", ""Agent B"": ""Choose action: Left.""}","{""Agent A"": {""policy"": ""random""}, ""Agent B"": {""policy"": ""random""}}","{""Agent A"": ""Right"", ""Agent B"": ""Left""}","{""Agent A"": 0.0, ""Agent B"": 0.0}","{""Agent A"": 0.0, ""Agent B"": 0.0}","{""Agent A"": {""action_success"": true, ""action_info"": {""step_count"": 18, ""votes_received"": 2, ""votes_needed"": 2, ""current_votes"": {""Agent A"": ""Right"", ""Agent B"": ""Left""}, ""vote_status"": ""resolved"", ""joint_actions"": {""Agent A"": ""Right"", ""Agent B"": ""Left""}, ""payoffs"": {""Agent A"": 0.0, ""Agent B"": 0.0}}}, ""Agent B"": {""action_success"": true, ""action_info"": {""step_count"": 18, ""votes_received"": 2, ""votes_needed"": 2, ""current_votes"": {""Agent A"": ""Right"", ""Agent B"": ""Left""}, ""vote_status"": ""resolved"", ""joint_actions"": {""Agent A"": ""Right"", ""Agent B"": ""Left""}, ""payoffs"": {""Agent A"": 0.0, ""Agent B"": 0.0}}}}","[false, false]","[false, false]"
18,Pure Coordination,random_action,"{""Agent A"": ""REWARD THIS TURN: +0.0\n\nLAST ROUND RESULT:\n  actions: Agent A: Right, Agent B: Left\n  your payoff: +0.0 | Agent B payoff: +0.0\n\nSTEP: 18/50 (steps remaining: 32)\n\nAVAILABLE ACTIONS:\n  [0] Choose action: Left.\n  [1] Choose action: Right."", ""Agent B"": ""REWARD THIS TURN: +0.0\n\nLAST ROUND RESULT:\n  actions: Agent A: Right, Agent B: Left\n  your payoff: +0.0 | Agent A payoff: +0.0\n\nSTEP: 18/50 (steps remaining: 32)\n\nAVAILABLE ACTIONS:\n  [0] Choose action: Left.\n  [1] Choose action: Right.""}","{""Agent A"": ""Choose action: Right."", ""Agent B"": ""Choose action: Left.""}","{""Agent A"": {""policy"": ""random""}, ""Agent B"": {""policy"": ""random""}}","{""Agent A"": ""Right"", ""Agent B"": ""Left""}","{""Agent A"": 0.0, ""Agent B"": 0.0}","{""Agent A"": 0.0, ""Agent B"": 0.0}","{""Agent A"": {""action_success"": true, ""action_info"": {""step_count"": 19, ""votes_received"": 2, ""votes_needed"": 2, ""current_votes"": {""Agent A"": ""Right"", ""Agent B"": ""Left""}, ""vote_status"": ""resolved"", ""joint_actions"": {""Agent A"": ""Right"", ""Agent B"": ""Left""}, ""payoffs"": {""Agent A"": 0.0, ""Agent B"": 0.0}}}, ""Agent B"": {""action_success"": true, ""action_info"": {""step_count"": 19, ""votes_received"": 2, ""votes_needed"": 2, ""current_votes"": {""Agent A"": ""Right"", ""Agent B"": ""Left""}, ""vote_status"": ""resolved"", ""joint_actions"": {""Agent A"": ""Right"", ""Agent B"": ""Left""}, ""payoffs"": {""Agent A"": 0.0, ""Agent B"": 0.0}}}}","[false, false]","[false, false]"
19,Pure Coordination,random_action,"{""Agent A"": ""REWARD THIS TURN: +0.0\n\nLAST ROUND RESULT:\n  actions: Agent A: Right, Agent B: Left\n  your payoff: +0.0 | Agent B payoff: +0.0\n\nSTEP: 19/50 (steps remaining: 31)\n\nAVAILABLE ACTIONS:\n  [0] Choose action: Left.\n  [1] Choose action: Right."", ""Agent B"": ""REWARD THIS TURN: +0.0\n\nLAST ROUND RESULT:\n  actions: Agent A: Right, Agent B: Left\n  your payoff: +0.0 | Agent A payoff: +0.0\n\nSTEP: 19/50 (steps remaining: 31)\n\nAVAILABLE ACTIONS:\n  [0] Choose action: Left.\n  [1] Choose action: Right.""}","{""Agent A"": ""Choose action: Right."", ""Agent B"": ""Choose action: Left.""}","{""Agent A"": {""policy"": ""random""}, ""Agent B"": {""policy"": ""random""}}","{""Agent A"": ""Right"", ""Agent B"": ""Left""}","{""Agent A"": 0.0, ""Agent B"": 0.0}","{""Agent A"": 0.0, ""Agent B"": 0.0}","{""Agent A"": {""action_success"": true, ""action_info"": {""step_count"": 20, ""votes_received"": 2, ""votes_needed"": 2, ""current_votes"": {""Agent A"": ""Right"", ""Agent B"": ""Left""}, ""vote_status"": ""resolved"", ""joint_actions"": {""Agent A"": ""Right"", ""Agent B"": ""Left""}, ""payoffs"": {""Agent A"": 0.0, ""Agent B"": 0.0}}}, ""Agent B"": {""action_success"": true, ""action_info"": {""step_count"": 20, ""votes_received"": 2, ""votes_needed"": 2, ""current_votes"": {""Agent A"": ""Right"", ""Agent B"": ""Left""}, ""vote_status"": ""resolved"", ""joint_actions"": {""Agent A"": ""Right"", ""Agent B"": ""Left""}, ""payoffs"": {""Agent A"": 0.0, ""Agent B"": 0.0}}}}","[false, false]","[false, false]"
20,Pure Coordination,random_action,"{""Agent A"": ""REWARD THIS TURN: +0.0\n\nLAST ROUND RESULT:\n  actions: Agent A: Right, Agent B: Left\n  your payoff: +0.0 | Agent B payoff: +0.0\n\nSTEP: 20/50 (steps remaining: 30)\n\nAVAILABLE ACTIONS:\n  [0] Choose action: Left.\n  [1] Choose action: Right."", ""Agent B"": ""REWARD THIS TURN: +0.0\n\nLAST ROUND RESULT:\n  actions: Agent A: Right, Agent B: Left\n  your payoff: +0.0 | Agent A payoff: +0.0\n\nSTEP: 20/50 (steps remaining: 30)\n\nAVAILABLE ACTIONS:\n  [0] Choose action: Left.\n  [1] Choose action: Right.""}","{""Agent A"": ""Choose action: Right."", ""Agent B"": ""Choose action: Right.""}","{""Agent A"": {""policy"": ""random""}, ""Agent B"": {""policy"": ""random""}}","{""Agent A"": ""Right"", ""Agent B"": ""Right""}","{""Agent A"": 1.0, ""Agent B"": 1.0}","{""Agent A"": 1.0, ""Agent B"": 1.0}","{""Agent A"": {""action_success"": true, ""action_info"": {""step_count"": 21, ""votes_received"": 2, ""votes_needed"": 2, ""current_votes"": {""Agent A"": ""Right"", ""Agent B"": ""Right""}, ""vote_status"": ""resolved"", ""joint_actions"": {""Agent A"": ""Right"", ""Agent B"": ""Right""}, ""payoffs"": {""Agent A"": 1.0, ""Agent B"": 1.0}}}, ""Agent B"": {""action_success"": true, ""action_info"": {""step_count"": 21, ""votes_received"": 2, ""votes_needed"": 2, ""current_votes"": {""Agent A"": ""Right"", ""Agent B"": ""Right""}, ""vote_status"": ""resolved"", ""joint_actions"": {""Agent A"": ""Right"", ""Agent B"": ""Right""}, ""payoffs"": {""Agent A"": 1.0, ""Agent B"": 1.0}}}}","[false, false]","[false, false]"
21,Pure Coordination,random_action,"{""Agent A"": ""REWARD THIS TURN: +1.0\n\nLAST ROUND RESULT:\n  actions: Agent A: Right, Agent B: Right\n  your payoff: +1.0 | Agent B payoff: +1.0\n\nSTEP: 21/50 (steps remaining: 29)\n\nAVAILABLE ACTIONS:\n  [0] Choose action: Left.\n  [1] Choose action: Right."", ""Agent B"": ""REWARD THIS TURN: +1.0\n\nLAST ROUND RESULT:\n  actions: Agent A: Right, Agent B: Right\n  your payoff: +1.0 | Agent A payoff: +1.0\n\nSTEP: 21/50 (steps remaining: 29)\n\nAVAILABLE ACTIONS:\n  [0] Choose action: Left.\n  [1] Choose action: Right.""}","{""Agent A"": ""Choose action: Left."", ""Agent B"": ""Choose action: Right.""}","{""Agent A"": {""policy"": ""random""}, ""Agent B"": {""policy"": ""random""}}","{""Agent A"": ""Left"", ""Agent B"": ""Right""}","{""Agent A"": 0.0, ""Agent B"": 0.0}","{""Agent A"": 0.0, ""Agent B"": 0.0}","{""Agent A"": {""action_success"": true, ""action_info"": {""step_count"": 22, ""votes_received"": 2, ""votes_needed"": 2, ""current_votes"": {""Agent A"": ""Left"", ""Agent B"": ""Right""}, ""vote_status"": ""resolved"", ""joint_actions"": {""Agent A"": ""Left"", ""Agent B"": ""Right""}, ""payoffs"": {""Agent A"": 0.0, ""Agent B"": 0.0}}}, ""Agent B"": {""action_success"": true, ""action_info"": {""step_count"": 22, ""votes_received"": 2, ""votes_needed"": 2, ""current_votes"": {""Agent A"": ""Left"", ""Agent B"": ""Right""}, ""vote_status"": ""resolved"", ""joint_actions"": {""Agent A"": ""Left"", ""Agent B"": ""Right""}, ""payoffs"": {""Agent A"": 0.0, ""Agent B"": 0.0}}}}","[false, false]","[false, false]"
22,Pure Coordination,random_action,"{""Agent A"": ""REWARD THIS TURN: +0.0\n\nLAST ROUND RESULT:\n  actions: Agent A: Left, Agent B: Right\n  your payoff: +0.0 | Agent B payoff: +0.0\n\nSTEP: 22/50 (steps remaining: 28)\n\nAVAILABLE ACTIONS:\n  [0] Choose action: Left.\n  [1] Choose action: Right."", ""Agent B"": ""REWARD THIS TURN: +0.0\n\nLAST ROUND RESULT:\n  actions: Agent A: Left, Agent B: Right\n  your payoff: +0.0 | Agent A payoff: +0.0\n\nSTEP: 22/50 (steps remaining: 28)\n\nAVAILABLE ACTIONS:\n  [0] Choose action: Left.\n  [1] Choose action: Right.""}","{""Agent A"": ""Choose action: Right."", ""Agent B"": ""Choose action: Right.""}","{""Agent A"": {""policy"": ""random""}, ""Agent B"": {""policy"": ""random""}}","{""Agent A"": ""Right"", ""Agent B"": ""Right""}","{""Agent A"": 1.0, ""Agent B"": 1.0}","{""Agent A"": 1.0, ""Agent B"": 1.0}","{""Agent A"": {""action_success"": true, ""action_info"": {""step_count"": 23, ""votes_received"": 2, ""votes_needed"": 2, ""current_votes"": {""Agent A"": ""Right"", ""Agent B"": ""Right""}, ""vote_status"": ""resolved"", ""joint_actions"": {""Agent A"": ""Right"", ""Agent B"": ""Right""}, ""payoffs"": {""Agent A"": 1.0, ""Agent B"": 1.0}}}, ""Agent B"": {""action_success"": true, ""action_info"": {""step_count"": 23, ""votes_received"": 2, ""votes_needed"": 2, ""current_votes"": {""Agent A"": ""Right"", ""Agent B"": ""Right""}, ""vote_status"": ""resolved"", ""joint_actions"": {""Agent A"": ""Right"", ""Agent B"": ""Right""}, ""payoffs"": {""Agent A"": 1.0, ""Agent B"": 1.0}}}}","[false, false]","[false, false]"
23,Pure Coordination,random_action,"{""Agent A"": ""REWARD THIS TURN: +1.0\n\nLAST ROUND RESULT:\n  actions: Agent A: Right, Agent B: Right\n  your payoff: +1.0 | Agent B payoff: +1.0\n\nSTEP: 23/50 (steps remaining: 27)\n\nAVAILABLE ACTIONS:\n  [0] Choose action: Left.\n  [1] Choose action: Right."", ""Agent B"": ""REWARD THIS TURN: +1.0\n\nLAST ROUND RESULT:\n  actions: Agent A: Right, Agent B: Right\n  your payoff: +1.0 | Agent A payoff: +1.0\n\nSTEP: 23/50 (steps remaining: 27)\n\nAVAILABLE ACTIONS:\n  [0] Choose action: Left.\n  [1] Choose action: Right.""}","{""Agent A"": ""Choose action: Right."", ""Agent B"": ""Choose action: Right.""}","{""Agent A"": {""policy"": ""random""}, ""Agent B"": {""policy"": ""random""}}","{""Agent A"": ""Right"", ""Agent B"": ""Right""}","{""Agent A"": 1.0, ""Agent B"": 1.0}","{""Agent A"": 1.0, ""Agent B"": 1.0}","{""Agent A"": {""action_success"": true, ""action_info"": {""step_count"": 24, ""votes_received"": 2, ""votes_needed"": 2, ""current_votes"": {""Agent A"": ""Right"", ""Agent B"": ""Right""}, ""vote_status"": ""resolved"", ""joint_actions"": {""Agent A"": ""Right"", ""Agent B"": ""Right""}, ""payoffs"": {""Agent A"": 1.0, ""Agent B"": 1.0}}}, ""Agent B"": {""action_success"": true, ""action_info"": {""step_count"": 24, ""votes_received"": 2, ""votes_needed"": 2, ""current_votes"": {""Agent A"": ""Right"", ""Agent B"": ""Right""}, ""vote_status"": ""resolved"", ""joint_actions"": {""Agent A"": ""Right"", ""Agent B"": ""Right""}, ""payoffs"": {""Agent A"": 1.0, ""Agent B"": 1.0}}}}","[false, false]","[false, false]"
24,Pure Coordination,random_action,"{""Agent A"": ""REWARD THIS TURN: +1.0\n\nLAST ROUND RESULT:\n  actions: Agent A: Right, Agent B: Right\n  your payoff: +1.0 | Agent B payoff: +1.0\n\nSTEP: 24/50 (steps remaining: 26)\n\nAVAILABLE ACTIONS:\n  [0] Choose action: Left.\n  [1] Choose action: Right."", ""Agent B"": ""REWARD THIS TURN: +1.0\n\nLAST ROUND RESULT:\n  actions: Agent A: Right, Agent B: Right\n  your payoff: +1.0 | Agent A payoff: +1.0\n\nSTEP: 24/50 (steps remaining: 26)\n\nAVAILABLE ACTIONS:\n  [0] Choose action: Left.\n  [1] Choose action: Right.""}","{""Agent A"": ""Choose action: Left."", ""Agent B"": ""Choose action: Right.""}","{""Agent A"": {""policy"": ""random""}, ""Agent B"": {""policy"": ""random""}}","{""Agent A"": ""Left"", ""Agent B"": ""Right""}","{""Agent A"": 0.0, ""Agent B"": 0.0}","{""Agent A"": 0.0, ""Agent B"": 0.0}","{""Agent A"": {""action_success"": true, ""action_info"": {""step_count"": 25, ""votes_received"": 2, ""votes_needed"": 2, ""current_votes"": {""Agent A"": ""Left"", ""Agent B"": ""Right""}, ""vote_status"": ""resolved"", ""joint_actions"": {""Agent A"": ""Left"", ""Agent B"": ""Right""}, ""payoffs"": {""Agent A"": 0.0, ""Agent B"": 0.0}}}, ""Agent B"": {""action_success"": true, ""action_info"": {""step_count"": 25, ""votes_received"": 2, ""votes_needed"": 2, ""current_votes"": {""Agent A"": ""Left"", ""Agent B"": ""Right""}, ""vote_status"": ""resolved"", ""joint_actions"": {""Agent A"": ""Left"", ""Agent B"": ""Right""}, ""payoffs"": {""Agent A"": 0.0, ""Agent B"": 0.0}}}}","[false, false]","[false, false]"
25,Pure Coordination,random_action,"{""Agent A"": ""REWARD THIS TURN: +0.0\n\nLAST ROUND RESULT:\n  actions: Agent A: Left, Agent B: Right\n  your payoff: +0.0 | Agent B payoff: +0.0\n\nSTEP: 25/50 (steps remaining: 25)\n\nAVAILABLE ACTIONS:\n  [0] Choose action: Left.\n  [1] Choose action: Right."", ""Agent B"": ""REWARD THIS TURN: +0.0\n\nLAST ROUND RESULT:\n  actions: Agent A: Left, Agent B: Right\n  your payoff: +0.0 | Agent A payoff: +0.0\n\nSTEP: 25/50 (steps remaining: 25)\n\nAVAILABLE ACTIONS:\n  [0] Choose action: Left.\n  [1] Choose action: Right.""}","{""Agent A"": ""Choose action: Right."", ""Agent B"": ""Choose action: Left.""}","{""Agent A"": {""policy"": ""random""}, ""Agent B"": {""policy"": ""random""}}","{""Agent A"": ""Right"", ""Agent B"": ""Left""}","{""Agent A"": 0.0, ""Agent B"": 0.0}","{""Agent A"": 0.0, ""Agent B"": 0.0}","{""Agent A"": {""action_success"": true, ""action_info"": {""step_count"": 26, ""votes_received"": 2, ""votes_needed"": 2, ""current_votes"": {""Agent A"": ""Right"", ""Agent B"": ""Left""}, ""vote_status"": ""resolved"", ""joint_actions"": {""Agent A"": ""Right"", ""Agent B"": ""Left""}, ""payoffs"": {""Agent A"": 0.0, ""Agent B"": 0.0}}}, ""Agent B"": {""action_success"": true, ""action_info"": {""step_count"": 26, ""votes_received"": 2, ""votes_needed"": 2, ""current_votes"": {""Agent A"": ""Right"", ""Agent B"": ""Left""}, ""vote_status"": ""resolved"", ""joint_actions"": {""Agent A"": ""Right"", ""Agent B"": ""Left""}, ""payoffs"": {""Agent A"": 0.0, ""Agent B"": 0.0}}}}","[false, false]","[false, false]"
26,Pure Coordination,random_action,"{""Agent A"": ""REWARD THIS TURN: +0.0\n\nLAST ROUND RESULT:\n  actions: Agent A: Right, Agent B: Left\n  your payoff: +0.0 | Agent B payoff: +0.0\n\nSTEP: 26/50 (steps remaining: 24)\n\nAVAILABLE ACTIONS:\n  [0] Choose action: Left.\n  [1] Choose action: Right."", ""Agent B"": ""REWARD THIS TURN: +0.0\n\nLAST ROUND RESULT:\n  actions: Agent A: Right, Agent B: Left\n  your payoff: +0.0 | Agent A payoff: +0.0\n\nSTEP: 26/50 (steps remaining: 24)\n\nAVAILABLE ACTIONS:\n  [0] Choose action: Left.\n  [1] Choose action: Right.""}","{""Agent A"": ""Choose action: Left."", ""Agent B"": ""Choose action: Right.""}","{""Agent A"": {""policy"": ""random""}, ""Agent B"": {""policy"": ""random""}}","{""Agent A"": ""Left"", ""Agent B"": ""Right""}","{""Agent A"": 0.0, ""Agent B"": 0.0}","{""Agent A"": 0.0, ""Agent B"": 0.0}","{""Agent A"": {""action_success"": true, ""action_info"": {""step_count"": 27, ""votes_received"": 2, ""votes_needed"": 2, ""current_votes"": {""Agent A"": ""Left"", ""Agent B"": ""Right""}, ""vote_status"": ""resolved"", ""joint_actions"": {""Agent A"": ""Left"", ""Agent B"": ""Right""}, ""payoffs"": {""Agent A"": 0.0, ""Agent B"": 0.0}}}, ""Agent B"": {""action_success"": true, ""action_info"": {""step_count"": 27, ""votes_received"": 2, ""votes_needed"": 2, ""current_votes"": {""Agent A"": ""Left"", ""Agent B"": ""Right""}, ""vote_status"": ""resolved"", ""joint_actions"": {""Agent A"": ""Left"", ""Agent B"": ""Right""}, ""payoffs"": {""Agent A"": 0.0, ""Agent B"": 0.0}}}}","[false, false]","[false, false]"
27,Pure Coordination,random_action,"{""Agent A"": ""REWARD THIS TURN: +0.0\n\nLAST ROUND RESULT:\n  actions: Agent A: Left, Agent B: Right\n  your payoff: +0.0 | Agent B payoff: +0.0\n\nSTEP: 27/50 (steps remaining: 23)\n\nAVAILABLE ACTIONS:\n  [0] Choose action: Left.\n  [1] Choose action: Right."", ""Agent B"": ""REWARD THIS TURN: +0.0\n\nLAST ROUND RESULT:\n  actions: Agent A: Left, Agent B: Right\n  your payoff: +0.0 | Agent A payoff: +0.0\n\nSTEP: 27/50 (steps remaining: 23)\n\nAVAILABLE ACTIONS:\n  [0] Choose action: Left.\n  [1] Choose action: Right.""}","{""Agent A"": ""Choose action: Left."", ""Agent B"": ""Choose action: Right.""}","{""Agent A"": {""policy"": ""random""}, ""Agent B"": {""policy"": ""random""}}","{""Agent A"": ""Left"", ""Agent B"": ""Right""}","{""Agent A"": 0.0, ""Agent B"": 0.0}","{""Agent A"": 0.0, ""Agent B"": 0.0}","{""Agent A"": {""action_success"": true, ""action_info"": {""step_count"": 28, ""votes_received"": 2, ""votes_needed"": 2, ""current_votes"": {""Agent A"": ""Left"", ""Agent B"": ""Right""}, ""vote_status"": ""resolved"", ""joint_actions"": {""Agent A"": ""Left"", ""Agent B"": ""Right""}, ""payoffs"": {""Agent A"": 0.0, ""Agent B"": 0.0}}}, ""Agent B"": {""action_success"": true, ""action_info"": {""step_count"": 28, ""votes_received"": 2, ""votes_needed"": 2, ""current_votes"": {""Agent A"": ""Left"", ""Agent B"": ""Right""}, ""vote_status"": ""resolved"", ""joint_actions"": {""Agent A"": ""Left"", ""Agent B"": ""Right""}, ""payoffs"": {""Agent A"": 0.0, ""Agent B"": 0.0}}}}","[false, false]","[false, false]"
28,Pure Coordination,random_action,"{""Agent A"": ""REWARD THIS TURN: +0.0\n\nLAST ROUND RESULT:\n  actions: Agent A: Left, Agent B: Right\n  your payoff: +0.0 | Agent B payoff: +0.0\n\nSTEP: 28/50 (steps remaining: 22)\n\nAVAILABLE ACTIONS:\n  [0] Choose action: Left.\n  [1] Choose action: Right."", ""Agent B"": ""REWARD THIS TURN: +0.0\n\nLAST ROUND RESULT:\n  actions: Agent A: Left, Agent B: Right\n  your payoff: +0.0 | Agent A payoff: +0.0\n\nSTEP: 28/50 (steps remaining: 22)\n\nAVAILABLE ACTIONS:\n  [0] Choose action: Left.\n  [1] Choose action: Right.""}","{""Agent A"": ""Choose action: Right."", ""Agent B"": ""Choose action: Right.""}","{""Agent A"": {""policy"": ""random""}, ""Agent B"": {""policy"": ""random""}}","{""Agent A"": ""Right"", ""Agent B"": ""Right""}","{""Agent A"": 1.0, ""Agent B"": 1.0}","{""Agent A"": 1.0, ""Agent B"": 1.0}","{""Agent A"": {""action_success"": true, ""action_info"": {""step_count"": 29, ""votes_received"": 2, ""votes_needed"": 2, ""current_votes"": {""Agent A"": ""Right"", ""Agent B"": ""Right""}, ""vote_status"": ""resolved"", ""joint_actions"": {""Agent A"": ""Right"", ""Agent B"": ""Right""}, ""payoffs"": {""Agent A"": 1.0, ""Agent B"": 1.0}}}, ""Agent B"": {""action_success"": true, ""action_info"": {""step_count"": 29, ""votes_received"": 2, ""votes_needed"": 2, ""current_votes"": {""Agent A"": ""Right"", ""Agent B"": ""Right""}, ""vote_status"": ""resolved"", ""joint_actions"": {""Agent A"": ""Right"", ""Agent B"": ""Right""}, ""payoffs"": {""Agent A"": 1.0, ""Agent B"": 1.0}}}}","[false, false]","[false, false]"
29,Pure Coordination,random_action,"{""Agent A"": ""REWARD THIS TURN: +1.0\n\nLAST ROUND RESULT:\n  actions: Agent A: Right, Agent B: Right\n  your payoff: +1.0 | Agent B payoff: +1.0\n\nSTEP: 29/50 (steps remaining: 21)\n\nAVAILABLE ACTIONS:\n  [0] Choose action: Left.\n  [1] Choose action: Right."", ""Agent B"": ""REWARD THIS TURN: +1.0\n\nLAST ROUND RESULT:\n  actions: Agent A: Right, Agent B: Right\n  your payoff: +1.0 | Agent A payoff: +1.0\n\nSTEP: 29/50 (steps remaining: 21)\n\nAVAILABLE ACTIONS:\n  [0] Choose action: Left.\n  [1] Choose action: Right.""}","{""Agent A"": ""Choose action: Left."", ""Agent B"": ""Choose action: Right.""}","{""Agent A"": {""policy"": ""random""}, ""Agent B"": {""policy"": ""random""}}","{""Agent A"": ""Left"", ""Agent B"": ""Right""}","{""Agent A"": 0.0, ""Agent B"": 0.0}","{""Agent A"": 0.0, ""Agent B"": 0.0}","{""Agent A"": {""action_success"": true, ""action_info"": {""step_count"": 30, ""votes_received"": 2, ""votes_needed"": 2, ""current_votes"": {""Agent A"": ""Left"", ""Agent B"": ""Right""}, ""vote_status"": ""resolved"", ""joint_actions"": {""Agent A"": ""Left"", ""Agent B"": ""Right""}, ""payoffs"": {""Agent A"": 0.0, ""Agent B"": 0.0}}}, ""Agent B"": {""action_success"": true, ""action_info"": {""step_count"": 30, ""votes_received"": 2, ""votes_needed"": 2, ""current_votes"": {""Agent A"": ""Left"", ""Agent B"": ""Right""}, ""vote_status"": ""resolved"", ""joint_actions"": {""Agent A"": ""Left"", ""Agent B"": ""Right""}, ""payoffs"": {""Agent A"": 0.0, ""Agent B"": 0.0}}}}","[false, false]","[false, false]"
30,Pure Coordination,random_action,"{""Agent A"": ""REWARD THIS TURN: +0.0\n\nLAST ROUND RESULT:\n  actions: Agent A: Left, Agent B: Right\n  your payoff: +0.0 | Agent B payoff: +0.0\n\nSTEP: 30/50 (steps remaining: 20)\n\nAVAILABLE ACTIONS:\n  [0] Choose action: Left.\n  [1] Choose action: Right."", ""Agent B"": ""REWARD THIS TURN: +0.0\n\nLAST ROUND RESULT:\n  actions: Agent A: Left, Agent B: Right\n  your payoff: +0.0 | Agent A payoff: +0.0\n\nSTEP: 30/50 (steps remaining: 20)\n\nAVAILABLE ACTIONS:\n  [0] Choose action: Left.\n  [1] Choose action: Right.""}","{""Agent A"": ""Choose action: Left."", ""Agent B"": ""Choose action: Right.""}","{""Agent A"": {""policy"": ""random""}, ""Agent B"": {""policy"": ""random""}}","{""Agent A"": ""Left"", ""Agent B"": ""Right""}","{""Agent A"": 0.0, ""Agent B"": 0.0}","{""Agent A"": 0.0, ""Agent B"": 0.0}","{""Agent A"": {""action_success"": true, ""action_info"": {""step_count"": 31, ""votes_received"": 2, ""votes_needed"": 2, ""current_votes"": {""Agent A"": ""Left"", ""Agent B"": ""Right""}, ""vote_status"": ""resolved"", ""joint_actions"": {""Agent A"": ""Left"", ""Agent B"": ""Right""}, ""payoffs"": {""Agent A"": 0.0, ""Agent B"": 0.0}}}, ""Agent B"": {""action_success"": true, ""action_info"": {""step_count"": 31, ""votes_received"": 2, ""votes_needed"": 2, ""current_votes"": {""Agent A"": ""Left"", ""Agent B"": ""Right""}, ""vote_status"": ""resolved"", ""joint_actions"": {""Agent A"": ""Left"", ""Agent B"": ""Right""}, ""payoffs"": {""Agent A"": 0.0, ""Agent B"": 0.0}}}}","[false, false]","[false, false]"
31,Pure Coordination,random_action,"{""Agent A"": ""REWARD THIS TURN: +0.0\n\nLAST ROUND RESULT:\n  actions: Agent A: Left, Agent B: Right\n  your payoff: +0.0 | Agent B payoff: +0.0\n\nSTEP: 31/50 (steps remaining: 19)\n\nAVAILABLE ACTIONS:\n  [0] Choose action: Left.\n  [1] Choose action: Right."", ""Agent B"": ""REWARD THIS TURN: +0.0\n\nLAST ROUND RESULT:\n  actions: Agent A: Left, Agent B: Right\n  your payoff: +0.0 | Agent A payoff: +0.0\n\nSTEP: 31/50 (steps remaining: 19)\n\nAVAILABLE ACTIONS:\n  [0] Choose action: Left.\n  [1] Choose action: Right.""}","{""Agent A"": ""Choose action: Right."", ""Agent B"": ""Choose action: Left.""}","{""Agent A"": {""policy"": ""random""}, ""Agent B"": {""policy"": ""random""}}","{""Agent A"": ""Right"", ""Agent B"": ""Left""}","{""Agent A"": 0.0, ""Agent B"": 0.0}","{""Agent A"": 0.0, ""Agent B"": 0.0}","{""Agent A"": {""action_success"": true, ""action_info"": {""step_count"": 32, ""votes_received"": 2, ""votes_needed"": 2, ""current_votes"": {""Agent A"": ""Right"", ""Agent B"": ""Left""}, ""vote_status"": ""resolved"", ""joint_actions"": {""Agent A"": ""Right"", ""Agent B"": ""Left""}, ""payoffs"": {""Agent A"": 0.0, ""Agent B"": 0.0}}}, ""Agent B"": {""action_success"": true, ""action_info"": {""step_count"": 32, ""votes_received"": 2, ""votes_needed"": 2, ""current_votes"": {""Agent A"": ""Right"", ""Agent B"": ""Left""}, ""vote_status"": ""resolved"", ""joint_actions"": {""Agent A"": ""Right"", ""Agent B"": ""Left""}, ""payoffs"": {""Agent A"": 0.0, ""Agent B"": 0.0}}}}","[false, false]","[false, false]"
32,Pure Coordination,random_action,"{""Agent A"": ""REWARD THIS TURN: +0.0\n\nLAST ROUND RESULT:\n  actions: Agent A: Right, Agent B: Left\n  your payoff: +0.0 | Agent B payoff: +0.0\n\nSTEP: 32/50 (steps remaining: 18)\n\nAVAILABLE ACTIONS:\n  [0] Choose action: Left.\n  [1] Choose action: Right."", ""Agent B"": ""REWARD THIS TURN: +0.0\n\nLAST ROUND RESULT:\n  actions: Agent A: Right, Agent B: Left\n  your payoff: +0.0 | Agent A payoff: +0.0\n\nSTEP: 32/50 (steps remaining: 18)\n\nAVAILABLE ACTIONS:\n  [0] Choose action: Left.\n  [1] Choose action: Right.""}","{""Agent A"": ""Choose action: Left."", ""Agent B"": ""Choose action: Right.""}","{""Agent A"": {""policy"": ""random""}, ""Agent B"": {""policy"": ""random""}}","{""Agent A"": ""Left"", ""Agent B"": ""Right""}","{""Agent A"": 0.0, ""Agent B"": 0.0}","{""Agent A"": 0.0, ""Agent B"": 0.0}","{""Agent A"": {""action_success"": true, ""action_info"": {""step_count"": 33, ""votes_received"": 2, ""votes_needed"": 2, ""current_votes"": {""Agent A"": ""Left"", ""Agent B"": ""Right""}, ""vote_status"": ""resolved"", ""joint_actions"": {""Agent A"": ""Left"", ""Agent B"": ""Right""}, ""payoffs"": {""Agent A"": 0.0, ""Agent B"": 0.0}}}, ""Agent B"": {""action_success"": true, ""action_info"": {""step_count"": 33, ""votes_received"": 2, ""votes_needed"": 2, ""current_votes"": {""Agent A"": ""Left"", ""Agent B"": ""Right""}, ""vote_status"": ""resolved"", ""joint_actions"": {""Agent A"": ""Left"", ""Agent B"": ""Right""}, ""payoffs"": {""Agent A"": 0.0, ""Agent B"": 0.0}}}}","[false, false]","[false, false]"
33,Pure Coordination,random_action,"{""Agent A"": ""REWARD THIS TURN: +0.0\n\nLAST ROUND RESULT:\n  actions: Agent A: Left, Agent B: Right\n  your payoff: +0.0 | Agent B payoff: +0.0\n\nSTEP: 33/50 (steps remaining: 17)\n\nAVAILABLE ACTIONS:\n  [0] Choose action: Left.\n  [1] Choose action: Right."", ""Agent B"": ""REWARD THIS TURN: +0.0\n\nLAST ROUND RESULT:\n  actions: Agent A: Left, Agent B: Right\n  your payoff: +0.0 | Agent A payoff: +0.0\n\nSTEP: 33/50 (steps remaining: 17)\n\nAVAILABLE ACTIONS:\n  [0] Choose action: Left.\n  [1] Choose action: Right.""}","{""Agent A"": ""Choose action: Left."", ""Agent B"": ""Choose action: Left.""}","{""Agent A"": {""policy"": ""random""}, ""Agent B"": {""policy"": ""random""}}","{""Agent A"": ""Left"", ""Agent B"": ""Left""}","{""Agent A"": 1.0, ""Agent B"": 1.0}","{""Agent A"": 1.0, ""Agent B"": 1.0}","{""Agent A"": {""action_success"": true, ""action_info"": {""step_count"": 34, ""votes_received"": 2, ""votes_needed"": 2, ""current_votes"": {""Agent A"": ""Left"", ""Agent B"": ""Left""}, ""vote_status"": ""resolved"", ""joint_actions"": {""Agent A"": ""Left"", ""Agent B"": ""Left""}, ""payoffs"": {""Agent A"": 1.0, ""Agent B"": 1.0}}}, ""Agent B"": {""action_success"": true, ""action_info"": {""step_count"": 34, ""votes_received"": 2, ""votes_needed"": 2, ""current_votes"": {""Agent A"": ""Left"", ""Agent B"": ""Left""}, ""vote_status"": ""resolved"", ""joint_actions"": {""Agent A"": ""Left"", ""Agent B"": ""Left""}, ""payoffs"": {""Agent A"": 1.0, ""Agent B"": 1.0}}}}","[false, false]","[false, false]"
34,Pure Coordination,random_action,"{""Agent A"": ""REWARD THIS TURN: +1.0\n\nLAST ROUND RESULT:\n  actions: Agent A: Left, Agent B: Left\n  your payoff: +1.0 | Agent B payoff: +1.0\n\nSTEP: 34/50 (steps remaining: 16)\n\nAVAILABLE ACTIONS:\n  [0] Choose action: Left.\n  [1] Choose action: Right."", ""Agent B"": ""REWARD THIS TURN: +1.0\n\nLAST ROUND RESULT:\n  actions: Agent A: Left, Agent B: Left\n  your payoff: +1.0 | Agent A payoff: +1.0\n\nSTEP: 34/50 (steps remaining: 16)\n\nAVAILABLE ACTIONS:\n  [0] Choose action: Left.\n  [1] Choose action: Right.""}","{""Agent A"": ""Choose action: Right."", ""Agent B"": ""Choose action: Left.""}","{""Agent A"": {""policy"": ""random""}, ""Agent B"": {""policy"": ""random""}}","{""Agent A"": ""Right"", ""Agent B"": ""Left""}","{""Agent A"": 0.0, ""Agent B"": 0.0}","{""Agent A"": 0.0, ""Agent B"": 0.0}","{""Agent A"": {""action_success"": true, ""action_info"": {""step_count"": 35, ""votes_received"": 2, ""votes_needed"": 2, ""current_votes"": {""Agent A"": ""Right"", ""Agent B"": ""Left""}, ""vote_status"": ""resolved"", ""joint_actions"": {""Agent A"": ""Right"", ""Agent B"": ""Left""}, ""payoffs"": {""Agent A"": 0.0, ""Agent B"": 0.0}}}, ""Agent B"": {""action_success"": true, ""action_info"": {""step_count"": 35, ""votes_received"": 2, ""votes_needed"": 2, ""current_votes"": {""Agent A"": ""Right"", ""Agent B"": ""Left""}, ""vote_status"": ""resolved"", ""joint_actions"": {""Agent A"": ""Right"", ""Agent B"": ""Left""}, ""payoffs"": {""Agent A"": 0.0, ""Agent B"": 0.0}}}}","[false, false]","[false, false]"
35,Pure Coordination,random_action,"{""Agent A"": ""REWARD THIS TURN: +0.0\n\nLAST ROUND RESULT:\n  actions: Agent A: Right, Agent B: Left\n  your payoff: +0.0 | Agent B payoff: +0.0\n\nSTEP: 35/50 (steps remaining: 15)\n\nAVAILABLE ACTIONS:\n  [0] Choose action: Left.\n  [1] Choose action: Right."", ""Agent B"": ""REWARD THIS TURN: +0.0\n\nLAST ROUND RESULT:\n  actions: Agent A: Right, Agent B: Left\n  your payoff: +0.0 | Agent A payoff: +0.0\n\nSTEP: 35/50 (steps remaining: 15)\n\nAVAILABLE ACTIONS:\n  [0] Choose action: Left.\n  [1] Choose action: Right.""}","{""Agent A"": ""Choose action: Right."", ""Agent B"": ""Choose action: Left.""}","{""Agent A"": {""policy"": ""random""}, ""Agent B"": {""policy"": ""random""}}","{""Agent A"": ""Right"", ""Agent B"": ""Left""}","{""Agent A"": 0.0, ""Agent B"": 0.0}","{""Agent A"": 0.0, ""Agent B"": 0.0}","{""Agent A"": {""action_success"": true, ""action_info"": {""step_count"": 36, ""votes_received"": 2, ""votes_needed"": 2, ""current_votes"": {""Agent A"": ""Right"", ""Agent B"": ""Left""}, ""vote_status"": ""resolved"", ""joint_actions"": {""Agent A"": ""Right"", ""Agent B"": ""Left""}, ""payoffs"": {""Agent A"": 0.0, ""Agent B"": 0.0}}}, ""Agent B"": {""action_success"": true, ""action_info"": {""step_count"": 36, ""votes_received"": 2, ""votes_needed"": 2, ""current_votes"": {""Agent A"": ""Right"", ""Agent B"": ""Left""}, ""vote_status"": ""resolved"", ""joint_actions"": {""Agent A"": ""Right"", ""Agent B"": ""Left""}, ""payoffs"": {""Agent A"": 0.0, ""Agent B"": 0.0}}}}","[false, false]","[false, false]"
36,Pure Coordination,random_action,"{""Agent A"": ""REWARD THIS TURN: +0.0\n\nLAST ROUND RESULT:\n  actions: Agent A: Right, Agent B: Left\n  your payoff: +0.0 | Agent B payoff: +0.0\n\nSTEP: 36/50 (steps remaining: 14)\n\nAVAILABLE ACTIONS:\n  [0] Choose action: Left.\n  [1] Choose action: Right."", ""Agent B"": ""REWARD THIS TURN: +0.0\n\nLAST ROUND RESULT:\n  actions: Agent A: Right, Agent B: Left\n  your payoff: +0.0 | Agent A payoff: +0.0\n\nSTEP: 36/50 (steps remaining: 14)\n\nAVAILABLE ACTIONS:\n  [0] Choose action: Left.\n  [1] Choose action: Right.""}","{""Agent A"": ""Choose action: Right."", ""Agent B"": ""Choose action: Right.""}","{""Agent A"": {""policy"": ""random""}, ""Agent B"": {""policy"": ""random""}}","{""Agent A"": ""Right"", ""Agent B"": ""Right""}","{""Agent A"": 1.0, ""Agent B"": 1.0}","{""Agent A"": 1.0, ""Agent B"": 1.0}","{""Agent A"": {""action_success"": true, ""action_info"": {""step_count"": 37, ""votes_received"": 2, ""votes_needed"": 2, ""current_votes"": {""Agent A"": ""Right"", ""Agent B"": ""Right""}, ""vote_status"": ""resolved"", ""joint_actions"": {""Agent A"": ""Right"", ""Agent B"": ""Right""}, ""payoffs"": {""Agent A"": 1.0, ""Agent B"": 1.0}}}, ""Agent B"": {""action_success"": true, ""action_info"": {""step_count"": 37, ""votes_received"": 2, ""votes_needed"": 2, ""current_votes"": {""Agent A"": ""Right"", ""Agent B"": ""Right""}, ""vote_status"": ""resolved"", ""joint_actions"": {""Agent A"": ""Right"", ""Agent B"": ""Right""}, ""payoffs"": {""Agent A"": 1.0, ""Agent B"": 1.0}}}}","[false, false]","[false, false]"
37,Pure Coordination,random_action,"{""Agent A"": ""REWARD THIS TURN: +1.0\n\nLAST ROUND RESULT:\n  actions: Agent A: Right, Agent B: Right\n  your payoff: +1.0 | Agent B payoff: +1.0\n\nSTEP: 37/50 (steps remaining: 13)\n\nAVAILABLE ACTIONS:\n  [0] Choose action: Left.\n  [1] Choose action: Right."", ""Agent B"": ""REWARD THIS TURN: +1.0\n\nLAST ROUND RESULT:\n  actions: Agent A: Right, Agent B: Right\n  your payoff: +1.0 | Agent A payoff: +1.0\n\nSTEP: 37/50 (steps remaining: 13)\n\nAVAILABLE ACTIONS:\n  [0] Choose action: Left.\n  [1] Choose action: Right.""}","{""Agent A"": ""Choose action: Left."", ""Agent B"": ""Choose action: Right.""}","{""Agent A"": {""policy"": ""random""}, ""Agent B"": {""policy"": ""random""}}","{""Agent A"": ""Left"", ""Agent B"": ""Right""}","{""Agent A"": 0.0, ""Agent B"": 0.0}","{""Agent A"": 0.0, ""Agent B"": 0.0}","{""Agent A"": {""action_success"": true, ""action_info"": {""step_count"": 38, ""votes_received"": 2, ""votes_needed"": 2, ""current_votes"": {""Agent A"": ""Left"", ""Agent B"": ""Right""}, ""vote_status"": ""resolved"", ""joint_actions"": {""Agent A"": ""Left"", ""Agent B"": ""Right""}, ""payoffs"": {""Agent A"": 0.0, ""Agent B"": 0.0}}}, ""Agent B"": {""action_success"": true, ""action_info"": {""step_count"": 38, ""votes_received"": 2, ""votes_needed"": 2, ""current_votes"": {""Agent A"": ""Left"", ""Agent B"": ""Right""}, ""vote_status"": ""resolved"", ""joint_actions"": {""Agent A"": ""Left"", ""Agent B"": ""Right""}, ""payoffs"": {""Agent A"": 0.0, ""Agent B"": 0.0}}}}","[false, false]","[false, false]"
38,Pure Coordination,random_action,"{""Agent A"": ""REWARD THIS TURN: +0.0\n\nLAST ROUND RESULT:\n  actions: Agent A: Left, Agent B: Right\n  your payoff: +0.0 | Agent B payoff: +0.0\n\nSTEP: 38/50 (steps remaining: 12)\n\nAVAILABLE ACTIONS:\n  [0] Choose action: Left.\n  [1] Choose action: Right."", ""Agent B"": ""REWARD THIS TURN: +0.0\n\nLAST ROUND RESULT:\n  actions: Agent A: Left, Agent B: Right\n  your payoff: +0.0 | Agent A payoff: +0.0\n\nSTEP: 38/50 (steps remaining: 12)\n\nAVAILABLE ACTIONS:\n  [0] Choose action: Left.\n  [1] Choose action: Right.""}","{""Agent A"": ""Choose action: Right."", ""Agent B"": ""Choose action: Right.""}","{""Agent A"": {""policy"": ""random""}, ""Agent B"": {""policy"": ""random""}}","{""Agent A"": ""Right"", ""Agent B"": ""Right""}","{""Agent A"": 1.0, ""Agent B"": 1.0}","{""Agent A"": 1.0, ""Agent B"": 1.0}","{""Agent A"": {""action_success"": true, ""action_info"": {""step_count"": 39, ""votes_received"": 2, ""votes_needed"": 2, ""current_votes"": {""Agent A"": ""Right"", ""Agent B"": ""Right""}, ""vote_status"": ""resolved"", ""joint_actions"": {""Agent A"": ""Right"", ""Agent B"": ""Right""}, ""payoffs"": {""Agent A"": 1.0, ""Agent B"": 1.0}}}, ""Agent B"": {""action_success"": true, ""action_info"": {""step_count"": 39, ""votes_received"": 2, ""votes_needed"": 2, ""current_votes"": {""Agent A"": ""Right"", ""Agent B"": ""Right""}, ""vote_status"": ""resolved"", ""joint_actions"": {""Agent A"": ""Right"", ""Agent B"": ""Right""}, ""payoffs"": {""Agent A"": 1.0, ""Agent B"": 1.0}}}}","[false, false]","[false, false]"
39,Pure Coordination,random_action,"{""Agent A"": ""REWARD THIS TURN: +1.0\n\nLAST ROUND RESULT:\n  actions: Agent A: Right, Agent B: Right\n  your payoff: +1.0 | Agent B payoff: +1.0\n\nSTEP: 39/50 (steps remaining: 11)\n\nAVAILABLE ACTIONS:\n  [0] Choose action: Left.\n  [1] Choose action: Right."", ""Agent B"": ""REWARD THIS TURN: +1.0\n\nLAST ROUND RESULT:\n  actions: Agent A: Right, Agent B: Right\n  your payoff: +1.0 | Agent A payoff: +1.0\n\nSTEP: 39/50 (steps remaining: 11)\n\nAVAILABLE ACTIONS:\n  [0] Choose action: Left.\n  [1] Choose action: Right.""}","{""Agent A"": ""Choose action: Left."", ""Agent B"": ""Choose action: Left.""}","{""Agent A"": {""policy"": ""random""}, ""Agent B"": {""policy"": ""random""}}","{""Agent A"": ""Left"", ""Agent B"": ""Left""}","{""Agent A"": 1.0, ""Agent B"": 1.0}","{""Agent A"": 1.0, ""Agent B"": 1.0}","{""Agent A"": {""action_success"": true, ""action_info"": {""step_count"": 40, ""votes_received"": 2, ""votes_needed"": 2, ""current_votes"": {""Agent A"": ""Left"", ""Agent B"": ""Left""}, ""vote_status"": ""resolved"", ""joint_actions"": {""Agent A"": ""Left"", ""Agent B"": ""Left""}, ""payoffs"": {""Agent A"": 1.0, ""Agent B"": 1.0}}}, ""Agent B"": {""action_success"": true, ""action_info"": {""step_count"": 40, ""votes_received"": 2, ""votes_needed"": 2, ""current_votes"": {""Agent A"": ""Left"", ""Agent B"": ""Left""}, ""vote_status"": ""resolved"", ""joint_actions"": {""Agent A"": ""Left"", ""Agent B"": ""Left""}, ""payoffs"": {""Agent A"": 1.0, ""Agent B"": 1.0}}}}","[false, false]","[false, false]"
40,Pure Coordination,random_action,"{""Agent A"": ""REWARD THIS TURN: +1.0\n\nLAST ROUND RESULT:\n  actions: Agent A: Left, Agent B: Left\n  your payoff: +1.0 | Agent B payoff: +1.0\n\nSTEP: 40/50 (steps remaining: 10)\n\nAVAILABLE ACTIONS:\n  [0] Choose action: Left.\n  [1] Choose action: Right."", ""Agent B"": ""REWARD THIS TURN: +1.0\n\nLAST ROUND RESULT:\n  actions: Agent A: Left, Agent B: Left\n  your payoff: +1.0 | Agent A payoff: +1.0\n\nSTEP: 40/50 (steps remaining: 10)\n\nAVAILABLE ACTIONS:\n  [0] Choose action: Left.\n  [1] Choose action: Right.""}","{""Agent A"": ""Choose action: Right."", ""Agent B"": ""Choose action: Right.""}","{""Agent A"": {""policy"": ""random""}, ""Agent B"": {""policy"": ""random""}}","{""Agent A"": ""Right"", ""Agent B"": ""Right""}","{""Agent A"": 1.0, ""Agent B"": 1.0}","{""Agent A"": 1.0, ""Agent B"": 1.0}","{""Agent A"": {""action_success"": true, ""action_info"": {""step_count"": 41, ""votes_received"": 2, ""votes_needed"": 2, ""current_votes"": {""Agent A"": ""Right"", ""Agent B"": ""Right""}, ""vote_status"": ""resolved"", ""joint_actions"": {""Agent A"": ""Right"", ""Agent B"": ""Right""}, ""payoffs"": {""Agent A"": 1.0, ""Agent B"": 1.0}}}, ""Agent B"": {""action_success"": true, ""action_info"": {""step_count"": 41, ""votes_received"": 2, ""votes_needed"": 2, ""current_votes"": {""Agent A"": ""Right"", ""Agent B"": ""Right""}, ""vote_status"": ""resolved"", ""joint_actions"": {""Agent A"": ""Right"", ""Agent B"": ""Right""}, ""payoffs"": {""Agent A"": 1.0, ""Agent B"": 1.0}}}}","[false, false]","[false, false]"
41,Pure Coordination,random_action,"{""Agent A"": ""REWARD THIS TURN: +1.0\n\nLAST ROUND RESULT:\n  actions: Agent A: Right, Agent B: Right\n  your payoff: +1.0 | Agent B payoff: +1.0\n\nSTEP: 41/50 (steps remaining: 9)\n\nAVAILABLE ACTIONS:\n  [0] Choose action: Left.\n  [1] Choose action: Right."", ""Agent B"": ""REWARD THIS TURN: +1.0\n\nLAST ROUND RESULT:\n  actions: Agent A: Right, Agent B: Right\n  your payoff: +1.0 | Agent A payoff: +1.0\n\nSTEP: 41/50 (steps remaining: 9)\n\nAVAILABLE ACTIONS:\n  [0] Choose action: Left.\n  [1] Choose action: Right.""}","{""Agent A"": ""Choose action: Left."", ""Agent B"": ""Choose action: Right.""}","{""Agent A"": {""policy"": ""random""}, ""Agent B"": {""policy"": ""random""}}","{""Agent A"": ""Left"", ""Agent B"": ""Right""}","{""Agent A"": 0.0, ""Agent B"": 0.0}","{""Agent A"": 0.0, ""Agent B"": 0.0}","{""Agent A"": {""action_success"": true, ""action_info"": {""step_count"": 42, ""votes_received"": 2, ""votes_needed"": 2, ""current_votes"": {""Agent A"": ""Left"", ""Agent B"": ""Right""}, ""vote_status"": ""resolved"", ""joint_actions"": {""Agent A"": ""Left"", ""Agent B"": ""Right""}, ""payoffs"": {""Agent A"": 0.0, ""Agent B"": 0.0}}}, ""Agent B"": {""action_success"": true, ""action_info"": {""step_count"": 42, ""votes_received"": 2, ""votes_needed"": 2, ""current_votes"": {""Agent A"": ""Left"", ""Agent B"": ""Right""}, ""vote_status"": ""resolved"", ""joint_actions"": {""Agent A"": ""Left"", ""Agent B"": ""Right""}, ""payoffs"": {""Agent A"": 0.0, ""Agent B"": 0.0}}}}","[false, false]","[false, false]"
42,Pure Coordination,random_action,"{""Agent A"": ""REWARD THIS TURN: +0.0\n\nLAST ROUND RESULT:\n  actions: Agent A: Left, Agent B: Right\n  your payoff: +0.0 | Agent B payoff: +0.0\n\nSTEP: 42/50 (steps remaining: 8)\n\nAVAILABLE ACTIONS:\n  [0] Choose action: Left.\n  [1] Choose action: Right."", ""Agent B"": ""REWARD THIS TURN: +0.0\n\nLAST ROUND RESULT:\n  actions: Agent A: Left, Agent B: Right\n  your payoff: +0.0 | Agent A payoff: +0.0\n\nSTEP: 42/50 (steps remaining: 8)\n\nAVAILABLE ACTIONS:\n  [0] Choose action: Left.\n  [1] Choose action: Right.""}","{""Agent A"": ""Choose action: Right."", ""Agent B"": ""Choose action: Right.""}","{""Agent A"": {""policy"": ""random""}, ""Agent B"": {""policy"": ""random""}}","{""Agent A"": ""Right"", ""Agent B"": ""Right""}","{""Agent A"": 1.0, ""Agent B"": 1.0}","{""Agent A"": 1.0, ""Agent B"": 1.0}","{""Agent A"": {""action_success"": true, ""action_info"": {""step_count"": 43, ""votes_received"": 2, ""votes_needed"": 2, ""current_votes"": {""Agent A"": ""Right"", ""Agent B"": ""Right""}, ""vote_status"": ""resolved"", ""joint_actions"": {""Agent A"": ""Right"", ""Agent B"": ""Right""}, ""payoffs"": {""Agent A"": 1.0, ""Agent B"": 1.0}}}, ""Agent B"": {""action_success"": true, ""action_info"": {""step_count"": 43, ""votes_received"": 2, ""votes_needed"": 2, ""current_votes"": {""Agent A"": ""Right"", ""Agent B"": ""Right""}, ""vote_status"": ""resolved"", ""joint_actions"": {""Agent A"": ""Right"", ""Agent B"": ""Right""}, ""payoffs"": {""Agent A"": 1.0, ""Agent B"": 1.0}}}}","[false, false]","[false, false]"
43,Pure Coordination,random_action,"{""Agent A"": ""REWARD THIS TURN: +1.0\n\nLAST ROUND RESULT:\n  actions: Agent A: Right, Agent B: Right\n  your payoff: +1.0 | Agent B payoff: +1.0\n\nSTEP: 43/50 (steps remaining: 7)\n\nAVAILABLE ACTIONS:\n  [0] Choose action: Left.\n  [1] Choose action: Right."", ""Agent B"": ""REWARD THIS TURN: +1.0\n\nLAST ROUND RESULT:\n  actions: Agent A: Right, Agent B: Right\n  your payoff: +1.0 | Agent A payoff: +1.0\n\nSTEP: 43/50 (steps remaining: 7)\n\nAVAILABLE ACTIONS:\n  [0] Choose action: Left.\n  [1] Choose action: Right.""}","{""Agent A"": ""Choose action: Right."", ""Agent B"": ""Choose action: Right.""}","{""Agent A"": {""policy"": ""random""}, ""Agent B"": {""policy"": ""random""}}","{""Agent A"": ""Right"", ""Agent B"": ""Right""}","{""Agent A"": 1.0, ""Agent B"": 1.0}","{""Agent A"": 1.0, ""Agent B"": 1.0}","{""Agent A"": {""action_success"": true, ""action_info"": {""step_count"": 44, ""votes_received"": 2, ""votes_needed"": 2, ""current_votes"": {""Agent A"": ""Right"", ""Agent B"": ""Right""}, ""vote_status"": ""resolved"", ""joint_actions"": {""Agent A"": ""Right"", ""Agent B"": ""Right""}, ""payoffs"": {""Agent A"": 1.0, ""Agent B"": 1.0}}}, ""Agent B"": {""action_success"": true, ""action_info"": {""step_count"": 44, ""votes_received"": 2, ""votes_needed"": 2, ""current_votes"": {""Agent A"": ""Right"", ""Agent B"": ""Right""}, ""vote_status"": ""resolved"", ""joint_actions"": {""Agent A"": ""Right"", ""Agent B"": ""Right""}, ""payoffs"": {""Agent A"": 1.0, ""Agent B"": 1.0}}}}","[false, false]","[false, false]"
44,Pure Coordination,random_action,"{""Agent A"": ""REWARD THIS TURN: +1.0\n\nLAST ROUND RESULT:\n  actions: Agent A: Right, Agent B: Right\n  your payoff: +1.0 | Agent B payoff: +1.0\n\nSTEP: 44/50 (steps remaining: 6)\n\nAVAILABLE ACTIONS:\n  [0] Choose action: Left.\n  [1] Choose action: Right."", ""Agent B"": ""REWARD THIS TURN: +1.0\n\nLAST ROUND RESULT:\n  actions: Agent A: Right, Agent B: Right\n  your payoff: +1.0 | Agent A payoff: +1.0\n\nSTEP: 44/50 (steps remaining: 6)\n\nAVAILABLE ACTIONS:\n  [0] Choose action: Left.\n  [1] Choose action: Right.""}","{""Agent A"": ""Choose action: Right."", ""Agent B"": ""Choose action: Right.""}","{""Agent A"": {""policy"": ""random""}, ""Agent B"": {""policy"": ""random""}}","{""Agent A"": ""Right"", ""Agent B"": ""Right""}","{""Agent A"": 1.0, ""Agent B"": 1.0}","{""Agent A"": 1.0, ""Agent B"": 1.0}","{""Agent A"": {""action_success"": true, ""action_info"": {""step_count"": 45, ""votes_received"": 2, ""votes_needed"": 2, ""current_votes"": {""Agent A"": ""Right"", ""Agent B"": ""Right""}, ""vote_status"": ""resolved"", ""joint_actions"": {""Agent A"": ""Right"", ""Agent B"": ""Right""}, ""payoffs"": {""Agent A"": 1.0, ""Agent B"": 1.0}}}, ""Agent B"": {""action_success"": true, ""action_info"": {""step_count"": 45, ""votes_received"": 2, ""votes_needed"": 2, ""current_votes"": {""Agent A"": ""Right"", ""Agent B"": ""Right""}, ""vote_status"": ""resolved"", ""joint_actions"": {""Agent A"": ""Right"", ""Agent B"": ""Right""}, ""payoffs"": {""Agent A"": 1.0, ""Agent B"": 1.0}}}}","[false, false]","[false, false]"
45,Pure Coordination,random_action,"{""Agent A"": ""REWARD THIS TURN: +1.0\n\nLAST ROUND RESULT:\n  actions: Agent A: Right, Agent B: Right\n  your payoff: +1.0 | Agent B payoff: +1.0\n\nSTEP: 45/50 (steps remaining: 5)\n\nAVAILABLE ACTIONS:\n  [0] Choose action: Left.\n  [1] Choose action: Right."", ""Agent B"": ""REWARD THIS TURN: +1.0\n\nLAST ROUND RESULT:\n  actions: Agent A: Right, Agent B: Right\n  your payoff: +1.0 | Agent A payoff: +1.0\n\nSTEP: 45/50 (steps remaining: 5)\n\nAVAILABLE ACTIONS:\n  [0] Choose action: Left.\n  [1] Choose action: Right.""}","{""Agent A"": ""Choose action: Left."", ""Agent B"": ""Choose action: Right.""}","{""Agent A"": {""policy"": ""random""}, ""Agent B"": {""policy"": ""random""}}","{""Agent A"": ""Left"", ""Agent B"": ""Right""}","{""Agent A"": 0.0, ""Agent B"": 0.0}","{""Agent A"": 0.0, ""Agent B"": 0.0}","{""Agent A"": {""action_success"": true, ""action_info"": {""step_count"": 46, ""votes_received"": 2, ""votes_needed"": 2, ""current_votes"": {""Agent A"": ""Left"", ""Agent B"": ""Right""}, ""vote_status"": ""resolved"", ""joint_actions"": {""Agent A"": ""Left"", ""Agent B"": ""Right""}, ""payoffs"": {""Agent A"": 0.0, ""Agent B"": 0.0}}}, ""Agent B"": {""action_success"": true, ""action_info"": {""step_count"": 46, ""votes_received"": 2, ""votes_needed"": 2, ""current_votes"": {""Agent A"": ""Left"", ""Agent B"": ""Right""}, ""vote_status"": ""resolved"", ""joint_actions"": {""Agent A"": ""Left"", ""Agent B"": ""Right""}, ""payoffs"": {""Agent A"": 0.0, ""Agent B"": 0.0}}}}","[false, false]","[false, false]"
46,Pure Coordination,random_action,"{""Agent A"": ""REWARD THIS TURN: +0.0\n\nLAST ROUND RESULT:\n  actions: Agent A: Left, Agent B: Right\n  your payoff: +0.0 | Agent B payoff: +0.0\n\nSTEP: 46/50 (steps remaining: 4)\n\nAVAILABLE ACTIONS:\n  [0] Choose action: Left.\n  [1] Choose action: Right."", ""Agent B"": ""REWARD THIS TURN: +0.0\n\nLAST ROUND RESULT:\n  actions: Agent A: Left, Agent B: Right\n  your payoff: +0.0 | Agent A payoff: +0.0\n\nSTEP: 46/50 (steps remaining: 4)\n\nAVAILABLE ACTIONS:\n  [0] Choose action: Left.\n  [1] Choose action: Right.""}","{""Agent A"": ""Choose action: Right."", ""Agent B"": ""Choose action: Left.""}","{""Agent A"": {""policy"": ""random""}, ""Agent B"": {""policy"": ""random""}}","{""Agent A"": ""Right"", ""Agent B"": ""Left""}","{""Agent A"": 0.0, ""Agent B"": 0.0}","{""Agent A"": 0.0, ""Agent B"": 0.0}","{""Agent A"": {""action_success"": true, ""action_info"": {""step_count"": 47, ""votes_received"": 2, ""votes_needed"": 2, ""current_votes"": {""Agent A"": ""Right"", ""Agent B"": ""Left""}, ""vote_status"": ""resolved"", ""joint_actions"": {""Agent A"": ""Right"", ""Agent B"": ""Left""}, ""payoffs"": {""Agent A"": 0.0, ""Agent B"": 0.0}}}, ""Agent B"": {""action_success"": true, ""action_info"": {""step_count"": 47, ""votes_received"": 2, ""votes_needed"": 2, ""current_votes"": {""Agent A"": ""Right"", ""Agent B"": ""Left""}, ""vote_status"": ""resolved"", ""joint_actions"": {""Agent A"": ""Right"", ""Agent B"": ""Left""}, ""payoffs"": {""Agent A"": 0.0, ""Agent B"": 0.0}}}}","[false, false]","[false, false]"
47,Pure Coordination,random_action,"{""Agent A"": ""REWARD THIS TURN: +0.0\n\nLAST ROUND RESULT:\n  actions: Agent A: Right, Agent B: Left\n  your payoff: +0.0 | Agent B payoff: +0.0\n\nSTEP: 47/50 (steps remaining: 3)\n\nAVAILABLE ACTIONS:\n  [0] Choose action: Left.\n  [1] Choose action: Right."", ""Agent B"": ""REWARD THIS TURN: +0.0\n\nLAST ROUND RESULT:\n  actions: Agent A: Right, Agent B: Left\n  your payoff: +0.0 | Agent A payoff: +0.0\n\nSTEP: 47/50 (steps remaining: 3)\n\nAVAILABLE ACTIONS:\n  [0] Choose action: Left.\n  [1] Choose action: Right.""}","{""Agent A"": ""Choose action: Left."", ""Agent B"": ""Choose action: Left.""}","{""Agent A"": {""policy"": ""random""}, ""Agent B"": {""policy"": ""random""}}","{""Agent A"": ""Left"", ""Agent B"": ""Left""}","{""Agent A"": 1.0, ""Agent B"": 1.0}","{""Agent A"": 1.0, ""Agent B"": 1.0}","{""Agent A"": {""action_success"": true, ""action_info"": {""step_count"": 48, ""votes_received"": 2, ""votes_needed"": 2, ""current_votes"": {""Agent A"": ""Left"", ""Agent B"": ""Left""}, ""vote_status"": ""resolved"", ""joint_actions"": {""Agent A"": ""Left"", ""Agent B"": ""Left""}, ""payoffs"": {""Agent A"": 1.0, ""Agent B"": 1.0}}}, ""Agent B"": {""action_success"": true, ""action_info"": {""step_count"": 48, ""votes_received"": 2, ""votes_needed"": 2, ""current_votes"": {""Agent A"": ""Left"", ""Agent B"": ""Left""}, ""vote_status"": ""resolved"", ""joint_actions"": {""Agent A"": ""Left"", ""Agent B"": ""Left""}, ""payoffs"": {""Agent A"": 1.0, ""Agent B"": 1.0}}}}","[false, false]","[false, false]"
48,Pure Coordination,random_action,"{""Agent A"": ""REWARD THIS TURN: +1.0\n\nLAST ROUND RESULT:\n  actions: Agent A: Left, Agent B: Left\n  your payoff: +1.0 | Agent B payoff: +1.0\n\nSTEP: 48/50 (steps remaining: 2)\n\nAVAILABLE ACTIONS:\n  [0] Choose action: Left.\n  [1] Choose action: Right."", ""Agent B"": ""REWARD THIS TURN: +1.0\n\nLAST ROUND RESULT:\n  actions: Agent A: Left, Agent B: Left\n  your payoff: +1.0 | Agent A payoff: +1.0\n\nSTEP: 48/50 (steps remaining: 2)\n\nAVAILABLE ACTIONS:\n  [0] Choose action: Left.\n  [1] Choose action: Right.""}","{""Agent A"": ""Choose action: Right."", ""Agent B"": ""Choose action: Left.""}","{""Agent A"": {""policy"": ""random""}, ""Agent B"": {""policy"": ""random""}}","{""Agent A"": ""Right"", ""Agent B"": ""Left""}","{""Agent A"": 0.0, ""Agent B"": 0.0}","{""Agent A"": 0.0, ""Agent B"": 0.0}","{""Agent A"": {""action_success"": true, ""action_info"": {""step_count"": 49, ""votes_received"": 2, ""votes_needed"": 2, ""current_votes"": {""Agent A"": ""Right"", ""Agent B"": ""Left""}, ""vote_status"": ""resolved"", ""joint_actions"": {""Agent A"": ""Right"", ""Agent B"": ""Left""}, ""payoffs"": {""Agent A"": 0.0, ""Agent B"": 0.0}}}, ""Agent B"": {""action_success"": true, ""action_info"": {""step_count"": 49, ""votes_received"": 2, ""votes_needed"": 2, ""current_votes"": {""Agent A"": ""Right"", ""Agent B"": ""Left""}, ""vote_status"": ""resolved"", ""joint_actions"": {""Agent A"": ""Right"", ""Agent B"": ""Left""}, ""payoffs"": {""Agent A"": 0.0, ""Agent B"": 0.0}}}}","[false, false]","[false, false]"
49,Pure Coordination,random_action,"{""Agent A"": ""REWARD THIS TURN: +0.0\n\nLAST ROUND RESULT:\n  actions: Agent A: Right, Agent B: Left\n  your payoff: +0.0 | Agent B payoff: +0.0\n\nSTEP: 49/50 (steps remaining: 1)\n\nAVAILABLE ACTIONS:\n  [0] Choose action: Left.\n  [1] Choose action: Right."", ""Agent B"": ""REWARD THIS TURN: +0.0\n\nLAST ROUND RESULT:\n  actions: Agent A: Right, Agent B: Left\n  your payoff: +0.0 | Agent A payoff: +0.0\n\nSTEP: 49/50 (steps remaining: 1)\n\nAVAILABLE ACTIONS:\n  [0] Choose action: Left.\n  [1] Choose action: Right.""}","{""Agent A"": ""Choose action: Left."", ""Agent B"": ""Choose action: Left.""}","{""Agent A"": {""policy"": ""random""}, ""Agent B"": {""policy"": ""random""}}","{""Agent A"": ""Left"", ""Agent B"": ""Left""}","{""Agent A"": 1.0, ""Agent B"": 1.0}","{""Agent A"": 1.0, ""Agent B"": 1.0}","{""Agent A"": {""action_success"": true, ""action_info"": {""step_count"": 50, ""votes_received"": 2, ""votes_needed"": 2, ""current_votes"": {""Agent A"": ""Left"", ""Agent B"": ""Left""}, ""vote_status"": ""resolved"", ""joint_actions"": {""Agent A"": ""Left"", ""Agent B"": ""Left""}, ""payoffs"": {""Agent A"": 1.0, ""Agent B"": 1.0}}}, ""Agent B"": {""action_success"": true, ""action_info"": {""step_count"": 50, ""votes_received"": 2, ""votes_needed"": 2, ""current_votes"": {""Agent A"": ""Left"", ""Agent B"": ""Left""}, ""vote_status"": ""resolved"", ""joint_actions"": {""Agent A"": ""Left"", ""Agent B"": ""Left""}, ""payoffs"": {""Agent A"": 1.0, ""Agent B"": 1.0}}}}","[false, false]","[true, true]"
